monotonic_s,ax_ms2,ay_ms2,az_ms2,gx_dps,gy_dps,gz_dps,mx_gauss,my_gauss,mz_gauss,roll_deg,pitch_deg,yaw_deg
26731.127836,0.01316,0.13400,-9.95773,-12.7925,8.8375,3.0800,-0.81635,-0.22301,1.12288,172.884,-4.764,-102.443
26731.127836,0.00598,0.12323,-10.16232,-12.9325,8.9775,3.1150,-0.81635,-0.22301,1.12288,172.885,-4.764,-102.474
26731.127836,0.00837,0.12802,-10.07259,-12.8800,9.0300,3.0800,-0.81635,-0.22301,1.12288,172.885,-4.764,-102.504
26731.127836,0.01914,0.13280,-10.11566,-12.8450,8.9950,3.1500,-0.81635,-0.22301,1.12288,172.886,-4.766,-102.534
26731.127836,0.01795,0.13759,-10.04627,-12.7925,8.9600,3.0625,-0.81635,-0.22301,1.12288,172.886,-4.767,-102.564
26731.127836,0.00837,0.12562,-10.10728,-12.8975,8.9075,3.0975,-0.81635,-0.22301,1.12288,172.887,-4.766,-102.595
26731.127836,0.01316,0.12682,-10.07378,-12.8625,9.0475,3.0275,-0.81896,-0.22765,1.11911,172.887,-4.767,-102.624
26731.127836,0.00957,0.12443,-10.08814,-12.9325,8.8375,3.0800,-0.81896,-0.22765,1.11911,172.888,-4.765,-102.654
26731.127836,0.01077,0.13161,-10.04627,-13.0200,8.8200,3.0800,-0.81896,-0.22765,1.11911,172.886,-4.764,-102.685
26731.127836,0.01795,0.13400,-10.18385,-12.8100,8.8900,3.1150,-0.81896,-0.22765,1.11911,172.887,-4.764,-102.715
26731.225752,0.00957,0.13998,-10.00798,-12.8450,8.9600,3.0800,-0.81896,-0.22765,1.11911,172.886,-4.764,-102.745
26731.225752,0.00957,0.13041,-10.13001,-12.9150,8.9425,3.0275,-0.81896,-0.22765,1.11911,172.886,-4.764,-102.775
26731.225752,0.00837,0.12323,-10.09651,-12.9150,8.9250,3.0800,-0.81896,-0.22765,1.11911,172.887,-4.763,-102.805
26731.225752,0.01316,0.12323,-10.06660,-12.8450,8.8900,3.0625,-0.81896,-0.22765,1.11911,172.888,-4.763,-102.835
26731.225752,0.01077,0.12562,-10.06421,-12.9150,8.9250,3.0450,-0.81896,-0.22765,1.11911,172.888,-4.762,-102.865
26731.225752,0.00718,0.11844,-10.10250,-12.9850,8.9250,3.1325,-0.81896,-0.22765,1.11911,172.889,-4.762,-102.895
26731.225752,0.00837,0.12562,-10.07618,-12.9325,8.9775,3.0625,-0.81954,-0.22794,1.12230,172.889,-4.762,-102.925
26731.225752,0.00718,0.12562,-10.08096,-12.8450,8.8550,3.0625,-0.81954,-0.22794,1.12230,172.890,-4.760,-102.955
26731.225752,0.00837,0.13161,-10.08335,-12.8100,9.0125,3.0800,-0.81954,-0.22794,1.12230,172.891,-4.760,-102.985
26731.225752,0.00718,0.11964,-10.06900,-12.7575,8.9250,3.1150,-0.81954,-0.22794,1.12230,172.893,-4.760,-103.016
26731.328267,0.00718,0.13639,-10.08216,-12.7750,8.9250,3.0450,-0.81954,-0.22794,1.12230,172.894,-4.759,-103.046
26731.328267,0.01316,0.12682,-10.07378,-12.9150,8.8550,3.0800,-0.81954,-0.22794,1.12230,172.894,-4.758,-103.076
26731.328267,0.01555,0.12443,-10.10250,-12.9325,8.9775,3.0800,-0.81954,-0.22794,1.12230,172.894,-4.759,-103.106
26731.328267,0.00837,0.13400,-10.07737,-12.8275,8.9075,3.0625,-0.81954,-0.22794,1.12230,172.894,-4.758,-103.136
26731.328267,0.02154,0.11844,-10.09293,-13.0550,8.9250,3.0800,-0.81954,-0.22794,1.12230,172.894,-4.759,-103.166
26731.328267,0.01196,0.13519,-10.08814,-12.8625,8.9425,3.0100,-0.81954,-0.22794,1.12230,172.894,-4.759,-103.195
26731.328267,0.00718,0.13280,-10.07019,-12.8275,8.9775,3.1150,-0.82070,-0.22881,1.11128,172.894,-4.759,-103.226
26731.328267,0.00957,0.12802,-10.08335,-12.9675,8.9075,3.1500,-0.82070,-0.22881,1.11128,172.893,-4.759,-103.256
26731.328267,0.00598,0.12443,-10.08335,-12.8975,8.9950,3.0800,-0.82070,-0.22881,1.11128,172.894,-4.758,-103.287
26731.328267,0.01196,0.12323,-10.07378,-12.9150,8.9250,3.0625,-0.82070,-0.22881,1.11128,172.895,-4.758,-103.317
26731.427669,0.01675,0.12443,-10.07977,-12.8975,8.8900,3.0975,-0.82070,-0.22881,1.11128,172.895,-4.758,-103.347
26731.427669,0.00957,0.12921,-10.08934,-12.9850,8.9250,3.0625,-0.82070,-0.22881,1.11128,172.894,-4.758,-103.377
26731.427669,0.01196,0.12562,-10.08694,-12.9675,8.8200,3.0975,-0.82070,-0.22881,1.11128,172.894,-4.757,-103.407
26731.427669,0.00837,0.11964,-10.07618,-12.9675,8.9075,3.0625,-0.82070,-0.22881,1.11128,172.895,-4.756,-103.437
26731.427669,0.01795,0.12443,-10.07857,-12.7750,8.9600,3.1150,-0.82070,-0.22881,1.11128,172.896,-4.757,-103.468
26731.427669,0.00598,0.12323,-10.07977,-12.9325,8.9425,3.0625,-0.82070,-0.22881,1.11128,172.897,-4.756,-103.498
26731.427669,0.01196,0.12562,-10.08814,-13.0200,8.9250,3.0625,-0.82157,-0.22504,1.12578,172.896,-4.756,-103.528
26731.427669,0.00837,0.12443,-10.07737,-12.9500,8.8025,3.0800,-0.82157,-0.22504,1.12578,172.896,-4.755,-103.558
26731.427669,0.01795,0.12921,-10.07737,-12.8800,8.9950,2.9575,-0.82157,-0.22504,1.12578,172.896,-4.756,-103.587
26731.427669,0.01316,0.13161,-10.09412,-12.9150,8.9425,3.1150,-0.82157,-0.22504,1.12578,172.896,-4.756,-103.617
26731.526199,0.00957,0.13280,-10.08575,-12.9325,8.9425,3.0100,-0.82157,-0.22504,1.12578,172.895,-4.756,-103.647
26731.526199,0.00957,0.13280,-10.07618,-13.0900,8.8725,3.1150,-0.82157,-0.22504,1.12578,172.893,-4.755,-103.677
26731.526199,0.00718,0.12562,-10.07498,-12.9325,8.9600,3.0100,-0.82157,-0.22504,1.12578,172.893,-4.754,-103.706
26731.526199,0.00598,0.13041,-10.07977,-12.8800,8.9775,3.0100,-0.82157,-0.22504,1.12578,172.893,-4.754,-103.736
26731.526199,0.00598,0.12562,-10.08455,-12.9675,8.8900,3.1325,-0.82157,-0.22504,1.12578,172.893,-4.753,-103.767
26731.526199,0.00837,0.13639,-10.08216,-12.9500,8.9425,3.0275,-0.82157,-0.22504,1.12578,172.892,-4.753,-103.796
26731.526199,0.01196,0.12921,-10.08096,-12.8800,8.9250,3.0625,-0.82186,-0.22823,1.12230,172.892,-4.752,-103.826
26731.526199,0.01555,0.12802,-10.07737,-12.8975,8.9425,3.1500,-0.82186,-0.22823,1.12230,172.892,-4.753,-103.857
26731.526199,0.01795,0.12562,-10.08814,-12.8800,9.0475,2.9925,-0.82186,-0.22823,1.12230,172.893,-4.755,-103.886
26731.526199,0.02034,0.11605,-10.07378,-13.0200,9.0125,3.1675,-0.82186,-0.22823,1.12230,172.893,-4.757,-103.917
26731.635865,0.01196,0.11844,-10.08455,-12.9850,8.9250,3.1850,-0.82186,-0.22823,1.12230,172.894,-4.757,-103.948
26731.635865,0.00837,0.12323,-10.07618,-12.9325,8.9075,3.1500,-0.82186,-0.22823,1.12230,172.894,-4.756,-103.979
26731.635865,0.00957,0.12921,-10.08455,-12.8975,8.9075,3.1675,-0.82186,-0.22823,1.12230,172.895,-4.755,-104.010
26731.635865,0.00598,0.13280,-10.07977,-12.9500,8.9775,3.2200,-0.82186,-0.22823,1.12230,172.894,-4.755,-104.041
26731.635865,0.01077,0.12323,-10.08814,-12.9675,8.9775,3.1150,-0.82186,-0.22823,1.12230,172.894,-4.756,-104.072
26731.635865,0.01555,0.11964,-10.08575,-12.9675,8.9075,3.0450,-0.82186,-0.22794,1.12027,172.894,-4.756,-104.102
26731.635865,0.01436,0.12921,-10.08575,-12.8275,8.9250,3.0450,-0.82128,-0.22794,1.12027,172.895,-4.756,-104.131
26731.635865,0.00957,0.12802,-10.08814,-12.9150,8.9250,3.0100,-0.82128,-0.22794,1.12027,172.895,-4.755,-104.161
26731.635865,0.01555,0.12562,-10.08694,-12.8625,8.9250,3.0450,-0.82128,-0.22794,1.12027,172.896,-4.755,-104.191
26731.635865,0.00718,0.11844,-10.08575,-12.9150,8.8550,3.0450,-0.82128,-0.22794,1.12027,172.897,-4.754,-104.221
26731.725384,0.01555,0.11844,-10.08575,-13.0550,8.9775,3.0800,-0.82128,-0.22794,1.12027,172.897,-4.755,-104.251
26731.725384,0.00718,0.12443,-10.08575,-12.8100,8.9950,3.0800,-0.82128,-0.22794,1.12027,172.899,-4.755,-104.281
26731.725384,0.01196,0.13041,-10.08455,-12.9150,9.0300,3.0800,-0.82128,-0.22794,1.12027,172.898,-4.756,-104.311
26731.725384,0.01077,0.12562,-10.08694,-12.9850,8.9250,3.0975,-0.82128,-0.22794,1.12027,172.898,-4.755,-104.341
26731.725384,0.00837,0.12443,-10.07737,-13.0725,8.8550,3.0975,-0.82128,-0.22794,1.12027,172.897,-4.754,-104.372
26731.725384,0.01555,0.13041,-10.09771,-12.9500,8.9250,3.0975,-0.81780,-0.22620,1.11476,172.896,-4.754,-104.402
26731.725384,0.01555,0.13400,-10.08694,-12.8450,8.9425,3.1150,-0.81780,-0.22620,1.11476,172.896,-4.755,-104.432
26731.725384,0.00957,0.13519,-10.08096,-12.8625,8.8900,3.0625,-0.81780,-0.22620,1.11476,172.896,-4.754,-104.462
26731.725384,0.00598,0.13161,-10.08096,-13.1075,9.0125,3.1150,-0.81780,-0.22620,1.11476,172.894,-4.754,-104.492
26731.725384,0.00957,0.13041,-10.08934,-13.0725,8.8025,3.0800,-0.81780,-0.22620,1.11476,172.892,-4.753,-104.523
26731.825478,0.01077,0.13041,-10.08814,-13.0375,8.9600,3.0625,-0.81780,-0.22620,1.11476,172.891,-4.753,-104.553
26731.825478,0.01316,0.12682,-10.08216,-13.0025,8.9600,3.1150,-0.81780,-0.22620,1.11476,172.890,-4.753,-104.583
26731.825478,0.00957,0.12682,-10.10130,-12.9150,8.9425,3.1325,-0.81780,-0.22620,1.11476,172.891,-4.753,-104.614
26731.825478,0.00837,0.13519,-10.08335,-12.8625,8.9425,3.0800,-0.81780,-0.22620,1.11476,172.891,-4.752,-104.644
26731.825478,0.00837,0.12802,-10.09891,-12.9850,8.9425,3.0100,-0.81780,-0.22620,1.11476,172.890,-4.752,-104.673
26731.825478,0.00957,0.12921,-10.07857,-13.0900,8.9600,3.0625,-0.82302,-0.22069,1.11998,172.889,-4.752,-104.703
26731.825478,0.00957,0.12443,-10.08335,-12.8975,9.0475,3.0975,-0.82302,-0.22069,1.11998,172.889,-4.753,-104.733
26731.825478,0.00718,0.13161,-10.10489,-13.0550,9.0300,3.1325,-0.82302,-0.22069,1.11998,172.888,-4.753,-104.764
26731.825478,0.00957,0.12802,-10.08096,-12.9150,8.9425,3.0975,-0.82302,-0.22069,1.11998,172.888,-4.753,-104.794
26731.825478,0.01077,0.12562,-10.08934,-12.9500,8.9600,3.1500,-0.82302,-0.22069,1.11998,172.889,-4.753,-104.825
26731.925308,0.01316,0.12443,-10.09412,-12.9150,9.0125,3.0625,-0.82302,-0.22069,1.11998,172.889,-4.754,-104.855
26731.925308,0.01316,0.13639,-10.08575,-12.9150,8.9600,3.1325,-0.82302,-0.22069,1.11998,172.889,-4.754,-104.885
26731.925308,0.01436,0.13161,-10.08694,-13.0200,8.9075,3.0625,-0.82302,-0.22069,1.11998,172.887,-4.754,-104.915
26731.925308,0.00957,0.12682,-10.08575,-13.0900,8.9600,3.1150,-0.82302,-0.22069,1.11998,172.886,-4.754,-104.945
26731.925308,0.01436,0.12443,-10.07618,-12.8800,8.9775,3.0800,-0.82302,-0.22069,1.11998,172.887,-4.755,-104.976
26731.925308,0.01196,0.13041,-10.09412,-12.9150,9.0475,3.0450,-0.82128,-0.22127,1.11331,172.887,-4.756,-105.005
26731.925308,0.01077,0.12802,-10.08455,-12.9325,8.8900,3.0975,-0.82128,-0.22127,1.11331,172.887,-4.755,-105.036
26731.925308,0.00837,0.12682,-10.08814,-12.8800,8.9950,3.2725,-0.82128,-0.22127,1.11331,172.888,-4.755,-105.067
26731.925308,0.00598,0.12562,-10.08575,-13.0200,8.9950,3.2375,-0.82128,-0.22127,1.11331,172.888,-4.755,-105.099
26731.925308,0.00837,0.12443,-10.08096,-12.9850,8.9600,3.1675,-0.82128,-0.22127,1.11331,172.888,-4.755,-105.130
26732.031931,0.00837,0.12682,-10.09053,-12.9150,8.9075,3.1325,-0.82128,-0.22127,1.11331,172.889,-4.754,-105.161
26732.031931,0.01196,0.13400,-10.09053,-12.9150,8.9075,3.0100,-0.82128,-0.22127,1.11331,172.888,-4.754,-105.190
26732.031931,0.00598,0.13161,-10.08335,-12.9675,8.9250,3.1150,-0.82128,-0.22127,1.11331,172.888,-4.753,-105.221
26732.031931,0.00718,0.12562,-10.07977,-13.0025,8.9950,3.0625,-0.82128,-0.22127,1.11331,172.887,-4.753,-105.251
26732.031931,0.00837,0.13400,-10.08814,-13.0025,8.9775,3.0800,-0.82128,-0.22127,1.11331,172.886,-4.753,-105.281
26732.031931,0.00957,0.12562,-10.08934,-13.0550,8.8900,3.0975,-0.81925,-0.22069,1.11302,172.885,-4.752,-105.311
26732.031931,0.01196,0.12443,-10.09173,-13.0375,8.9250,3.1500,-0.81925,-0.22069,1.11302,172.885,-4.752,-105.342
26732.031931,0.00957,0.13041,-10.07977,-12.9325,8.9250,3.1675,-0.81925,-0.22069,1.11302,172.885,-4.752,-105.373
26732.031931,0.01196,0.13041,-10.08575,-12.9850,8.8375,3.0625,-0.81925,-0.22069,1.11302,172.885,-4.751,-105.403
26732.031931,0.01555,0.13400,-10.07737,-12.7750,8.8900,3.0100,-0.81925,-0.22069,1.11302,172.886,-4.751,-105.432
26732.138233,0.01196,0.13041,-10.08575,-12.8100,8.9250,3.0800,-0.81925,-0.22069,1.11302,172.887,-4.750,-105.462
26732.138233,0.00837,0.13041,-10.08694,-12.9675,8.9425,3.0975,-0.81925,-0.22069,1.11302,172.886,-4.750,-105.493
26732.138233,0.00598,0.12682,-10.08216,-12.9150,8.8550,3.0975,-0.81925,-0.22069,1.11302,172.887,-4.749,-105.523
26732.138233,0.00957,0.12443,-10.08694,-12.7400,8.9425,3.0275,-0.81925,-0.22069,1.11302,172.889,-4.748,-105.553
26732.138233,0.01795,0.11844,-10.08216,-12.8800,9.0125,3.0275,-0.81925,-0.22069,1.11302,172.891,-4.750,-105.582
26732.138233,0.00718,0.12443,-10.08335,-12.9675,8.9775,3.1500,-0.82157,-0.22272,1.11766,172.891,-4.750,-105.613
26732.138233,0.00837,0.12443,-10.07378,-12.9150,8.9250,3.1500,-0.82157,-0.22272,1.11766,172.892,-4.749,-105.644
26732.138233,0.00957,0.12203,-10.09173,-12.9850,8.9600,3.1150,-0.82157,-0.22272,1.11766,172.892,-4.749,-105.674
26732.138233,0.01675,0.12682,-10.07857,-13.0725,8.9250,3.1675,-0.82157,-0.22272,1.11766,172.891,-4.750,-105.705
26732.138233,0.00957,0.12562,-10.08455,-12.9150,8.9775,3.1150,-0.82157,-0.22272,1.11766,172.892,-4.750,-105.736
26732.244889,0.00837,0.12562,-10.08216,-12.9150,8.9250,3.0800,-0.82157,-0.22272,1.11766,172.893,-4.749,-105.766
26732.244889,0.00598,0.12682,-10.08814,-12.8800,8.7675,3.1150,-0.82157,-0.22272,1.11766,172.893,-4.747,-105.796
26732.244889,0.00837,0.12562,-10.08335,-12.9325,8.7850,3.0450,-0.82157,-0.22272,1.11766,172.894,-4.745,-105.826
26732.244889,0.01196,0.13161,-10.08455,-13.0025,8.8025,3.0275,-0.82157,-0.22272,1.11766,172.893,-4.744,-105.856
26732.244889,0.00837,0.12562,-10.09891,-13.0025,8.8900,2.9225,-0.82157,-0.22272,1.11766,172.892,-4.743,-105.885
26732.244889,0.01675,0.13280,-10.07857,-12.9850,9.0125,3.0275,-0.82215,-0.22388,1.11911,172.891,-4.744,-105.914
26732.244889,0.00957,0.12682,-10.07857,-12.8800,8.9075,3.0100,-0.82215,-0.22388,1.11911,172.892,-4.743,-105.944
26732.244889,0.00957,0.13041,-10.07737,-12.8975,8.7850,2.9750,-0.82215,-0.22388,1.11911,172.892,-4.741,-105.973
26732.244889,0.00837,0.13041,-10.07977,-12.8800,8.8375,3.0100,-0.82215,-0.22388,1.11911,172.893,-4.740,-106.002
26732.244889,0.00718,0.13280,-10.08694,-12.9150,8.9250,3.0625,-0.82215,-0.22388,1.11911,172.892,-4.739,-106.032
26732.325474,0.01316,0.13400,-10.07857,-13.0900,8.9600,3.0625,-0.82215,-0.22388,1.11911,172.890,-4.740,-106.062
26732.325474,0.00718,0.13280,-10.07977,-12.8100,8.9600,3.1325,-0.82215,-0.22388,1.11911,172.891,-4.740,-106.093
26732.325474,0.00837,0.12682,-10.07498,-12.7750,8.8025,3.0800,-0.82215,-0.22388,1.11911,172.893,-4.738,-106.123
26732.325474,0.00718,0.12921,-10.08814,-12.8275,8.8200,3.0975,-0.82215,-0.22388,1.11911,172.894,-4.737,-106.153
26732.325474,0.01077,0.12682,-10.08455,-12.7925,8.7675,3.1675,-0.82215,-0.22388,1.11911,172.896,-4.735,-106.184
26732.325474,0.00957,0.12682,-10.07498,-12.8800,8.7850,3.0625,-0.82273,-0.22272,1.11273,172.897,-4.734,-106.215
26732.325474,0.01196,0.12802,-10.07977,-12.9850,8.9075,3.0800,-0.82273,-0.22272,1.11273,172.896,-4.734,-106.245
26732.325474,0.01316,0.12921,-10.07737,-12.9500,8.8550,3.2025,-0.82273,-0.22272,1.11273,172.896,-4.733,-106.276
26732.325474,0.00837,0.12203,-10.08216,-12.8450,8.9075,3.1325,-0.82273,-0.22272,1.11273,172.898,-4.733,-106.307
26732.325474,0.00837,0.12921,-10.09173,-12.7225,9.0300,3.0450,-0.82273,-0.22272,1.11273,172.900,-4.734,-106.336
26732.426034,0.00718,0.13161,-10.08455,-12.9500,8.9950,2.9750,-0.82273,-0.22272,1.11273,172.899,-4.734,-106.365
26732.426034,0.00837,0.13639,-10.08934,-12.9150,8.9775,3.0975,-0.82273,-0.22272,1.11273,172.898,-4.734,-106.395
26732.426034,0.00837,0.13041,-10.08575,-12.8625,8.9075,3.0625,-0.82273,-0.22272,1.11273,172.899,-4.733,-106.425
26732.426034,0.01196,0.13759,-10.07737,-12.8975,8.9600,2.9925,-0.82273,-0.22272,1.11273,172.898,-4.734,-106.454
26732.426034,0.00837,0.12084,-10.09173,-12.9150,9.0475,3.1150,-0.82273,-0.22272,1.11273,172.899,-4.735,-106.485
26732.426034,0.00957,0.11964,-10.07857,-12.8100,8.9600,3.0975,-0.82273,-0.22591,1.10925,172.901,-4.735,-106.515
26732.426034,0.00718,0.11964,-10.09053,-13.0725,9.0300,3.0450,-0.82273,-0.22591,1.10925,172.901,-4.735,-106.545
26732.426034,0.01196,0.13161,-10.09412,-12.9500,8.8725,3.0625,-0.82273,-0.22591,1.10925,172.900,-4.735,-106.575
26732.426034,0.00837,0.13161,-10.08335,-12.9150,8.8550,3.1150,-0.82273,-0.22591,1.10925,172.900,-4.734,-106.605
26732.426034,0.01914,0.12562,-10.09053,-12.9150,8.9600,3.0275,-0.82273,-0.22591,1.10925,172.901,-4.735,-106.635
26732.526840,0.01914,0.13041,-10.07857,-12.8800,8.9075,3.1500,-0.82273,-0.22591,1.10925,172.901,-4.736,-106.665
26732.526840,0.01555,0.12323,-10.09412,-12.9500,8.8725,3.0975,-0.82273,-0.22591,1.10925,172.902,-4.736,-106.696
26732.526840,0.00837,0.12562,-10.07618,-13.0550,8.8900,2.9750,-0.82273,-0.22591,1.10925,172.901,-4.735,-106.725
26732.526840,0.00837,0.13041,-10.08934,-12.9850,8.7850,2.9750,-0.82273,-0.22591,1.10925,172.900,-4.733,-106.754
26732.526840,0.01077,0.13400,-10.09891,-12.8800,8.9075,3.1325,-0.82273,-0.22591,1.10925,172.900,-4.733,-106.785
26732.526840,0.00837,0.13759,-10.08694,-12.9325,8.9075,3.0800,-0.81780,-0.22504,1.11795,172.899,-4.732,-106.815
26732.526840,0.00718,0.12562,-10.08455,-12.9675,8.9250,3.0625,-0.81780,-0.22504,1.11795,172.899,-4.732,-106.845
26732.526840,0.00837,0.12323,-10.08694,-13.0900,9.0300,3.1150,-0.81780,-0.22504,1.11795,172.898,-4.733,-106.875
26732.526840,0.00598,0.12084,-10.09771,-12.9675,8.7500,3.0975,-0.81780,-0.22504,1.11795,172.899,-4.730,-106.906
26732.526840,0.00837,0.13041,-10.07019,-12.7925,8.9775,3.0100,-0.81780,-0.22504,1.11795,172.900,-4.731,-106.935
26732.626360,0.01196,0.13161,-10.07977,-12.8100,8.9775,3.1325,-0.81780,-0.22504,1.11795,172.901,-4.731,-106.965
26732.626360,0.01316,0.13400,-10.07618,-12.8800,8.8550,3.1500,-0.81780,-0.22504,1.11795,172.901,-4.731,-106.996
26732.626360,0.01795,0.12802,-10.08814,-13.0025,8.8025,3.0450,-0.81780,-0.22504,1.11795,172.900,-4.730,-107.026
26732.626360,0.00479,0.13041,-10.09293,-12.9675,8.9775,3.0800,-0.81780,-0.22504,1.11795,172.899,-4.730,-107.056
26732.626360,0.00598,0.12323,-10.08694,-12.9325,9.1000,2.9925,-0.81780,-0.22504,1.11795,172.900,-4.731,-107.085
26732.626360,0.00598,0.12323,-10.08934,-12.9675,9.0300,2.9575,-0.82476,-0.22446,1.11418,172.900,-4.732,-107.114
26732.626360,0.00598,0.13878,-10.08335,-12.8625,8.9425,3.0450,-0.82476,-0.22446,1.11418,172.900,-4.731,-107.144
26732.626360,0.01077,0.13878,-10.08694,-12.8975,8.8025,3.0625,-0.82476,-0.22446,1.11418,172.899,-4.730,-107.174
26732.626360,0.01795,0.12921,-10.08455,-13.0025,8.8550,2.9925,-0.82476,-0.22446,1.11418,172.898,-4.730,-107.203
26732.626360,0.01675,0.12562,-10.08335,-12.9500,8.8900,2.9750,-0.82476,-0.22446,1.11418,172.898,-4.730,-107.232
26732.751797,0.02034,0.11964,-10.08096,-12.8625,8.9600,3.0275,-0.82476,-0.22446,1.11418,172.900,-4.731,-107.262
26732.751797,0.00837,0.12682,-10.07737,-12.8100,8.9775,3.1150,-0.82476,-0.22446,1.11418,172.902,-4.732,-107.292
26732.751797,0.00837,0.13161,-10.08216,-12.9675,8.9250,3.0800,-0.82476,-0.22446,1.11418,172.901,-4.731,-107.322
26732.751797,0.00718,0.12921,-10.08575,-12.9675,8.8725,3.0625,-0.82476,-0.22446,1.11418,172.901,-4.730,-107.352
26732.751797,0.00598,0.13519,-10.08814,-12.8625,8.9775,3.0625,-0.82476,-0.22446,1.11418,172.901,-4.730,-107.382
26732.751797,0.00837,0.12921,-10.08934,-12.8975,8.8375,3.1150,-0.81867,-0.22968,1.11563,172.901,-4.729,-107.412
26732.751797,0.00718,0.12921,-10.09412,-12.9150,8.7500,3.0800,-0.81867,-0.22968,1.11563,172.901,-4.727,-107.443
26732.751797,0.00718,0.13161,-10.08096,-12.8450,8.8200,3.0625,-0.81867,-0.22968,1.11563,172.902,-4.725,-107.473
26732.751797,0.01914,0.13041,-10.08814,-12.8100,8.9600,3.1675,-0.81867,-0.22968,1.11563,172.903,-4.727,-107.504
26732.751797,0.01077,0.13280,-10.08455,-12.9675,8.9775,3.1150,-0.81867,-0.22968,1.11563,172.902,-4.728,-107.534
26732.825123,0.00837,0.12443,-10.09173,-12.9500,9.0300,3.0975,-0.81867,-0.22968,1.11563,172.903,-4.728,-107.564
26732.825123,0.00957,0.13161,-10.07857,-13.1250,8.9600,3.1150,-0.81867,-0.22968,1.11563,172.900,-4.729,-107.594
26732.825123,0.01675,0.12921,-10.09532,-12.8975,8.9250,3.1150,-0.81867,-0.22968,1.11563,172.901,-4.729,-107.625
26732.825123,0.00957,0.12802,-10.08934,-12.8100,8.8550,3.1150,-0.81867,-0.22968,1.11563,172.902,-4.728,-107.655
26732.825123,0.01077,0.12682,-10.08575,-13.0200,8.9425,3.1325,-0.81867,-0.22968,1.11563,172.902,-4.729,-107.686
26732.825123,0.01196,0.12682,-10.08814,-13.0200,8.9250,3.0450,-0.82360,-0.22417,1.10867,172.901,-4.729,-107.716
26732.825123,0.01196,0.13759,-10.07498,-12.9500,8.9250,3.0625,-0.82360,-0.22417,1.10867,172.900,-4.729,-107.746
26732.825123,0.01196,0.13639,-10.09053,-12.8625,8.8900,3.0800,-0.82360,-0.22417,1.10867,172.900,-4.728,-107.776
26732.825123,0.00479,0.13041,-10.08335,-12.9500,8.9600,3.0975,-0.82360,-0.22417,1.10867,172.900,-4.728,-107.806
26732.825123,0.00957,0.12802,-10.09771,-13.0200,8.8900,3.0450,-0.82360,-0.22417,1.10867,172.899,-4.728,-107.836
26732.928730,0.00718,0.13041,-10.07019,-12.8275,8.8900,3.0100,-0.82360,-0.22417,1.10867,172.900,-4.727,-107.865
26732.928730,0.01077,0.12802,-10.08694,-12.9850,8.9775,3.0450,-0.82360,-0.22417,1.10867,172.899,-4.727,-107.895
26732.928730,0.01555,0.12323,-10.08694,-13.0375,9.0300,3.1150,-0.82360,-0.22417,1.10867,172.899,-4.729,-107.925
26732.928730,0.01077,0.12682,-10.07259,-12.9675,8.9775,3.0975,-0.82360,-0.22417,1.10867,172.899,-4.729,-107.955
26732.928730,0.00718,0.12443,-10.08694,-13.0200,8.9775,3.0975,-0.82360,-0.22417,1.10867,172.899,-4.729,-107.985
26732.928730,0.01196,0.13400,-10.08096,-12.9325,8.9775,3.0800,-0.81809,-0.22127,1.11476,172.898,-4.730,-108.015
26732.928730,0.01077,0.12562,-10.08575,-13.0025,8.9075,3.0450,-0.81809,-0.22127,1.11476,172.898,-4.730,-108.045
26732.928730,0.00718,0.12682,-10.08335,-13.0025,8.9075,3.0625,-0.81809,-0.22127,1.11476,172.898,-4.729,-108.075
26732.928730,0.00598,0.12921,-10.08096,-12.9850,8.8900,3.0975,-0.81809,-0.22127,1.11476,172.897,-4.728,-108.106
26732.928730,0.00598,0.12323,-10.09053,-13.0200,8.8900,3.1150,-0.81809,-0.22127,1.11476,172.897,-4.727,-108.136
26733.026149,0.01077,0.12682,-10.07857,-13.0375,8.9075,3.0275,-0.81809,-0.22127,1.11476,172.897,-4.727,-108.166
26733.026149,0.00837,0.12682,-10.10369,-13.0725,9.0300,3.0975,-0.81809,-0.22127,1.11476,172.896,-4.728,-108.196
26733.026149,0.01196,0.13161,-10.07259,-12.8450,8.8900,3.0800,-0.81809,-0.22127,1.11476,172.897,-4.727,-108.226
26733.026149,0.00718,0.12323,-10.08335,-13.0375,8.9250,3.1150,-0.81809,-0.22127,1.11476,172.896,-4.727,-108.256
26733.026149,0.01914,0.12203,-10.08575,-13.0025,8.9425,3.0975,-0.81809,-0.22127,1.11476,172.897,-4.728,-108.287
26733.026149,0.00837,0.12203,-10.08934,-12.8450,9.0125,3.1500,-0.81780,-0.22504,1.11563,172.899,-4.729,-108.317
26733.026149,0.01316,0.12443,-10.08455,-12.9850,8.9600,3.0450,-0.81780,-0.22504,1.11563,172.899,-4.729,-108.347
26733.026149,0.00837,0.13161,-10.07737,-12.9325,8.9250,3.0450,-0.81780,-0.22504,1.11563,172.899,-4.729,-108.377
26733.026149,0.01077,0.13759,-10.08335,-12.9150,9.0300,3.1325,-0.81780,-0.22504,1.11563,172.898,-4.730,-108.407
26733.026149,0.01077,0.13161,-10.07977,-12.8450,9.1700,3.1850,-0.81780,-0.22504,1.11563,172.899,-4.732,-108.438
26733.124475,0.01196,0.12921,-10.07977,-13.0200,8.9775,3.1675,-0.81780,-0.22504,1.11563,172.898,-4.733,-108.469
26733.124475,0.00837,0.13041,-10.08096,-12.9325,8.8900,3.0975,-0.81780,-0.22504,1.11563,172.898,-4.732,-108.499
26733.124475,0.00837,0.12682,-10.07737,-12.7575,8.9950,3.0800,-0.81780,-0.22504,1.11563,172.900,-4.732,-108.529
26733.124475,0.01316,0.13041,-10.08216,-12.7925,8.8725,3.0450,-0.81780,-0.22504,1.11563,172.902,-4.732,-108.559
26733.124475,0.00837,0.12921,-10.08455,-12.8625,8.8900,3.1150,-0.81780,-0.22504,1.11563,172.902,-4.731,-108.590
26733.124475,0.00718,0.13161,-10.08455,-13.0025,8.9075,3.1850,-0.81664,-0.22533,1.11534,172.902,-4.730,-108.621
26733.124475,0.00598,0.13639,-10.07498,-12.9675,8.9250,3.2025,-0.81664,-0.22533,1.11534,172.901,-4.730,-108.652
26733.124475,0.01436,0.12443,-10.07737,-12.9500,9.0300,3.1325,-0.81664,-0.22533,1.11534,172.901,-4.731,-108.683
26733.124475,0.01196,0.11725,-10.08934,-12.9150,8.9600,3.0975,-0.81664,-0.22533,1.11534,172.903,-4.732,-108.713
26733.124475,0.00837,0.11964,-10.09651,-12.9325,8.9250,3.0450,-0.81664,-0.22533,1.11534,172.904,-4.731,-108.743
26733.227049,0.01196,0.12921,-10.08575,-12.9850,8.9775,3.0975,-0.81664,-0.22533,1.11534,172.904,-4.732,-108.773
26733.227049,0.00598,0.13161,-10.07857,-12.9675,8.9775,3.0975,-0.81664,-0.22533,1.11534,172.903,-4.732,-108.803
26733.227049,0.00718,0.12562,-10.09412,-12.8100,8.9250,3.1850,-0.81664,-0.22533,1.11534,172.905,-4.731,-108.834
26733.227049,0.00718,0.13041,-10.09412,-12.8625,8.9775,3.1150,-0.81664,-0.22533,1.11534,172.906,-4.731,-108.865
26733.227049,0.01196,0.11964,-10.08335,-13.0200,8.9950,3.0975,-0.81664,-0.22533,1.11534,172.906,-4.732,-108.895
26733.227049,0.00598,0.12203,-10.08575,-13.0375,9.0475,3.0975,-0.81403,-0.22040,1.12114,172.906,-4.732,-108.925
26733.227049,0.00957,0.11844,-10.07737,-12.8100,8.9600,2.9750,-0.81403,-0.22040,1.12114,172.908,-4.732,-108.954
26733.227049,0.01077,0.12921,-10.08694,-12.8100,8.8550,2.9925,-0.81403,-0.22040,1.12114,172.909,-4.731,-108.984
26733.227049,0.01555,0.13161,-10.08096,-12.7925,8.9250,3.1150,-0.81403,-0.22040,1.12114,172.910,-4.732,-109.014
26733.227049,0.01316,0.13041,-10.07857,-12.8450,8.9950,3.0275,-0.81403,-0.22040,1.12114,172.911,-4.732,-109.043
26733.329695,0.00957,0.12802,-10.07378,-12.8625,8.9775,3.0625,-0.81403,-0.22040,1.12114,172.912,-4.732,-109.073
26733.329695,0.00718,0.13280,-10.08335,-12.9325,8.9075,2.9225,-0.81403,-0.22040,1.12114,172.911,-4.731,-109.102
26733.329695,0.01316,0.12562,-10.08694,-12.9675,9.0125,2.9925,-0.81403,-0.22040,1.12114,172.911,-4.732,-109.131
26733.329695,0.00718,0.12443,-10.08216,-13.0025,8.8725,3.1500,-0.81403,-0.22040,1.12114,172.911,-4.731,-109.162
26733.329695,0.00598,0.12802,-10.08575,-13.0200,8.9950,3.2025,-0.81403,-0.22040,1.12114,172.910,-4.731,-109.193
26733.329695,0.01316,0.13519,-10.07977,-13.0200,8.8550,3.1325,-0.81780,-0.22214,1.12143,172.909,-4.731,-109.224
26733.329695,0.00957,0.13041,-10.08455,-12.8450,8.9250,3.1325,-0.81780,-0.22214,1.12143,172.910,-4.730,-109.254
26733.329695,0.01196,0.12323,-10.08694,-13.0200,8.9600,3.2200,-0.81780,-0.22214,1.12143,172.910,-4.731,-109.286
26733.329695,0.00957,0.12682,-10.09173,-12.8450,8.9425,3.1150,-0.81780,-0.22214,1.12143,172.911,-4.731,-109.316
26733.329695,0.00718,0.11964,-10.07737,-12.8800,8.9075,3.0800,-0.81780,-0.22214,1.12143,172.912,-4.730,-109.347
26733.430302,0.01316,0.12802,-10.07857,-12.8625,9.0475,3.0450,-0.81780,-0.22214,1.12143,172.913,-4.731,-109.376
26733.430302,0.01196,0.12802,-10.08694,-12.8450,8.9775,3.0800,-0.81780,-0.22214,1.12143,172.914,-4.732,-109.406
26733.430302,0.01555,0.13041,-10.08455,-12.8100,8.9775,3.0975,-0.81780,-0.22214,1.12143,172.915,-4.733,-109.436
26733.430302,0.01555,0.13280,-10.09412,-13.0200,8.9600,3.0100,-0.81780,-0.22214,1.12143,172.914,-4.733,-109.466
26733.430302,0.00957,0.12562,-10.08096,-12.8975,9.0300,3.0275,-0.81780,-0.22214,1.12143,172.914,-4.734,-109.495
26733.430302,0.00837,0.12443,-10.07977,-12.9500,8.9775,3.0625,-0.82215,-0.22678,1.11621,172.915,-4.734,-109.525
26733.430302,0.00479,0.12203,-10.08814,-12.8800,8.9250,2.9750,-0.82215,-0.22678,1.11621,172.916,-4.733,-109.554
26733.430302,0.01316,0.12203,-10.07737,-12.8800,8.9600,3.0450,-0.82215,-0.22678,1.11621,172.917,-4.733,-109.584
26733.430302,0.00598,0.12443,-10.07977,-12.7050,8.9950,3.0975,-0.82215,-0.22678,1.11621,172.920,-4.733,-109.614
26733.430302,0.00957,0.13400,-10.08455,-12.9325,8.9950,3.0625,-0.82215,-0.22678,1.11621,172.919,-4.733,-109.644
26733.536761,0.01077,0.12562,-10.07857,-13.0025,8.9775,3.0100,-0.82215,-0.22678,1.11621,172.919,-4.733,-109.673
26733.536761,0.00718,0.11964,-10.08575,-12.9850,8.9425,3.0625,-0.82215,-0.22678,1.11621,172.919,-4.733,-109.703
26733.536761,0.00837,0.12562,-10.07977,-12.8975,8.8375,3.0100,-0.82215,-0.22678,1.11621,172.920,-4.731,-109.733
26733.536761,0.00957,0.12084,-10.08455,-12.9500,8.9075,3.1150,-0.82215,-0.22678,1.11621,172.920,-4.731,-109.764
26733.536761,0.00837,0.12443,-10.08216,-12.9850,8.9950,3.0975,-0.82215,-0.22678,1.11621,172.920,-4.731,-109.794
26733.536761,0.01436,0.12802,-10.08694,-13.0550,8.8375,2.9750,-0.82099,-0.22359,1.12404,172.919,-4.730,-109.823
26733.536761,0.01077,0.13041,-10.08096,-13.0025,8.8900,3.0100,-0.82099,-0.22359,1.12404,172.918,-4.729,-109.852
26733.536761,0.00718,0.12682,-10.07618,-12.9150,8.7850,3.1325,-0.82099,-0.22359,1.12404,172.918,-4.727,-109.883
26733.536761,0.01077,0.12562,-10.09771,-13.0900,8.9425,3.1850,-0.82099,-0.22359,1.12404,172.917,-4.727,-109.914
26733.536761,0.00598,0.13161,-10.07378,-12.8450,8.9425,3.0275,-0.82099,-0.22359,1.12404,172.918,-4.727,-109.944
26733.627110,0.00837,0.12084,-10.08694,-12.8450,8.9600,2.9575,-0.82099,-0.22359,1.12404,172.919,-4.727,-109.973
26733.627110,0.00957,0.12443,-10.08216,-12.8275,8.9425,3.0450,-0.82099,-0.22359,1.12404,172.921,-4.726,-110.003
26733.627110,0.01077,0.12443,-10.08575,-12.8625,8.7675,3.0100,-0.82099,-0.22359,1.12404,172.922,-4.725,-110.032
26733.627110,0.01077,0.12921,-10.08216,-12.8450,8.9600,3.0100,-0.82099,-0.22359,1.12404,172.922,-4.725,-110.062
26733.627110,0.00957,0.13161,-10.08694,-13.0025,8.9075,3.0275,-0.82099,-0.22359,1.12404,172.921,-4.724,-110.091
26733.627110,0.00837,0.13519,-10.08694,-13.0200,8.9600,3.0450,-0.81954,-0.22504,1.12143,172.919,-4.724,-110.121
26733.627110,0.01316,0.12682,-10.08335,-13.0200,8.9950,3.0275,-0.81954,-0.22504,1.12143,172.919,-4.725,-110.150
26733.627110,0.00957,0.13041,-10.08694,-12.9675,8.9075,3.1675,-0.81954,-0.22504,1.12143,172.918,-4.724,-110.181
26733.627110,0.00598,0.12921,-10.07977,-12.8450,8.8900,3.0450,-0.81954,-0.22504,1.12143,172.919,-4.723,-110.211
26733.627110,0.01914,0.11605,-10.08455,-12.8625,8.8725,3.0450,-0.81954,-0.22504,1.12143,172.921,-4.724,-110.241
26733.728456,0.01555,0.12443,-10.07618,-12.9500,8.9250,3.0625,-0.81954,-0.22504,1.12143,172.921,-4.724,-110.271
26733.728456,0.01795,0.12084,-10.08694,-13.0200,9.0300,2.9925,-0.81954,-0.22504,1.12143,172.921,-4.726,-110.300
26733.728456,0.01316,0.12203,-10.09173,-13.0900,8.9425,2.9575,-0.81954,-0.22504,1.12143,172.920,-4.726,-110.329
26733.728456,0.01196,0.13161,-10.07498,-12.9500,8.8025,3.1675,-0.81954,-0.22504,1.12143,172.920,-4.725,-110.360
26733.728456,0.01795,0.13161,-10.09651,-12.9150,8.9775,3.1500,-0.81954,-0.22504,1.12143,172.920,-4.726,-110.391
26733.728456,0.01077,0.13161,-10.07857,-12.9675,8.9075,2.9925,-0.82070,-0.22127,1.12404,172.919,-4.725,-110.420
26733.728456,0.00837,0.13161,-10.07498,-12.9675,8.8900,3.0100,-0.82070,-0.22127,1.12404,172.918,-4.724,-110.449
26733.728456,0.00598,0.12443,-10.08814,-12.9325,8.9250,3.0625,-0.82070,-0.22127,1.12404,172.919,-4.724,-110.479
26733.728456,0.01316,0.13400,-10.08575,-12.9675,8.8200,3.1325,-0.82070,-0.22127,1.12404,172.918,-4.723,-110.510
26733.728456,0.00837,0.12921,-10.08814,-12.9150,8.9075,3.1325,-0.82070,-0.22127,1.12404,172.918,-4.722,-110.541
26733.829896,0.01436,0.12084,-10.08335,-12.9150,8.9425,3.1150,-0.82070,-0.22127,1.12404,172.919,-4.723,-110.571
26733.829896,0.00598,0.12443,-10.08455,-12.9325,8.9950,3.0625,-0.82070,-0.22127,1.12404,172.920,-4.723,-110.601
26733.829896,0.00957,0.12682,-10.08455,-12.8625,8.9775,3.1325,-0.82070,-0.22127,1.12404,172.921,-4.723,-110.632
26733.829896,0.00718,0.12802,-10.07857,-12.9500,8.9250,3.1150,-0.82070,-0.22127,1.12404,172.921,-4.723,-110.662
26733.829896,0.01077,0.12323,-10.09173,-12.9675,8.9250,3.0100,-0.82070,-0.22127,1.12404,172.921,-4.722,-110.692
26733.829896,0.00598,0.12802,-10.08455,-13.0375,8.9250,2.9925,-0.82302,-0.22359,1.12433,172.920,-4.722,-110.721
26733.829896,0.01077,0.13400,-10.08335,-13.0025,8.9600,3.1150,-0.82302,-0.22359,1.12433,172.918,-4.722,-110.751
26733.829896,0.00837,0.13400,-10.09173,-13.0375,8.9425,3.0275,-0.82302,-0.22359,1.12433,172.917,-4.721,-110.781
26733.829896,0.00837,0.11964,-10.09293,-12.9325,8.9250,3.0625,-0.82302,-0.22359,1.12433,172.918,-4.721,-110.811
26733.829896,0.01077,0.11844,-10.10968,-12.9150,8.8200,3.0275,-0.82302,-0.22359,1.12433,172.919,-4.720,-110.840
26733.925109,0.01436,0.12921,-10.08575,-12.9325,8.8900,2.9575,-0.82302,-0.22359,1.12433,172.919,-4.720,-110.869
26733.925109,0.01196,0.12802,-10.08216,-12.9325,8.8200,3.0100,-0.82302,-0.22359,1.12433,172.919,-4.719,-110.899
26733.925109,0.00598,0.12203,-10.08216,-12.9850,8.8725,3.0275,-0.82302,-0.22359,1.12433,172.920,-4.717,-110.929
26733.925109,0.00718,0.13041,-10.09173,-12.9150,8.8550,3.0450,-0.82302,-0.22359,1.12433,172.920,-4.716,-110.958
26733.925109,0.00718,0.12802,-10.08694,-12.9325,8.8725,3.0800,-0.82302,-0.22359,1.12433,172.920,-4.715,-110.989
26733.925109,0.01077,0.13161,-10.07378,-13.0725,9.0125,3.2025,-0.81867,-0.22591,1.11911,172.918,-4.716,-111.020
26733.925109,0.00837,0.13280,-10.08455,-12.9150,8.9075,3.0100,-0.81867,-0.22591,1.11911,172.918,-4.716,-111.049
26733.925109,0.00957,0.13161,-10.07857,-12.8625,8.9250,2.9575,-0.81867,-0.22591,1.11911,172.918,-4.715,-111.078
26733.925109,0.00957,0.13161,-10.08814,-12.9325,8.8900,3.0275,-0.81867,-0.22591,1.11911,172.918,-4.715,-111.108
26733.925109,0.01914,0.13878,-10.09053,-12.9500,9.0650,3.1150,-0.81867,-0.22591,1.11911,172.917,-4.717,-111.138
26734.027662,0.01555,0.13280,-10.08335,-13.0550,9.0825,3.1325,-0.81867,-0.22591,1.11911,172.915,-4.719,-111.168
26734.027662,0.01436,0.13280,-10.10250,-12.9150,8.9775,2.9925,-0.81867,-0.22591,1.11911,172.915,-4.720,-111.197
26734.027662,0.01316,0.12562,-10.08096,-12.9500,8.9950,3.0450,-0.81867,-0.22591,1.11911,172.915,-4.720,-111.227
26734.027662,0.00598,0.12921,-10.08575,-12.8625,8.9425,3.0275,-0.81867,-0.22591,1.11911,172.916,-4.720,-111.256
26734.027662,0.01077,0.13400,-10.08575,-12.9325,8.8725,3.0450,-0.81867,-0.22591,1.11911,172.916,-4.719,-111.286
26734.027662,0.00598,0.12921,-10.09293,-12.8275,9.0475,3.0275,-0.82012,-0.21953,1.11766,172.917,-4.720,-111.316
26734.027662,0.01077,0.13280,-10.08575,-12.9150,8.9250,3.0975,-0.82012,-0.21953,1.11766,172.917,-4.720,-111.346
26734.027662,0.00718,0.13161,-10.07618,-13.1425,8.8725,3.0975,-0.82012,-0.21953,1.11766,172.914,-4.718,-111.376
26734.027662,0.01316,0.12323,-10.08814,-12.9850,9.1525,3.0625,-0.82012,-0.21953,1.11766,172.915,-4.721,-111.406
26734.027662,0.00598,0.12682,-10.07857,-12.9325,8.9775,3.0800,-0.82012,-0.21953,1.11766,172.915,-4.721,-111.436
26734.125748,0.00957,0.12562,-10.08335,-12.9150,8.8550,2.9750,-0.82012,-0.21953,1.11766,172.916,-4.720,-111.465
26734.125748,0.01077,0.12562,-10.09651,-13.0025,8.8725,2.9575,-0.82012,-0.21953,1.11766,172.915,-4.719,-111.494
26734.125748,0.00718,0.12921,-10.08216,-12.9150,8.8375,3.0800,-0.82012,-0.21953,1.11766,172.916,-4.717,-111.524
26734.125748,0.00957,0.12921,-10.09053,-12.6525,8.8550,3.0800,-0.82012,-0.21953,1.11766,172.919,-4.716,-111.554
26734.125748,0.00837,0.12562,-10.08335,-12.7925,8.9775,3.1500,-0.82012,-0.21953,1.11766,172.920,-4.717,-111.585
26734.125748,0.01077,0.13280,-10.08096,-12.8450,9.0300,3.0975,-0.81345,-0.22040,1.12230,172.921,-4.718,-111.615
26734.125748,0.01077,0.11964,-10.08096,-12.9325,9.0650,3.0450,-0.81345,-0.22040,1.12230,172.922,-4.719,-111.645
26734.125748,0.00957,0.11725,-10.08335,-12.8275,8.9775,2.9925,-0.81345,-0.22040,1.12230,172.924,-4.719,-111.674
26734.125748,0.01077,0.13161,-10.08934,-12.8625,8.9950,2.9925,-0.81345,-0.22040,1.12230,172.925,-4.719,-111.703
26734.125748,0.00598,0.12084,-10.08216,-12.9850,8.9425,3.1150,-0.81345,-0.22040,1.12230,172.925,-4.719,-111.734
26734.226934,0.01077,0.12802,-10.09293,-13.0550,8.8725,3.0275,-0.81345,-0.22040,1.12230,172.924,-4.718,-111.763
26734.226934,0.01196,0.13998,-10.08575,-12.8975,8.8550,3.1150,-0.81345,-0.22040,1.12230,172.923,-4.717,-111.794
26734.226934,0.01436,0.13639,-10.08096,-12.7400,8.8375,2.9925,-0.81345,-0.22040,1.12230,172.924,-4.717,-111.823
26734.226934,0.00957,0.13280,-10.07857,-12.8800,8.8725,3.0625,-0.81345,-0.22040,1.12230,172.924,-4.716,-111.853
26734.226934,0.01555,0.13400,-10.07857,-13.0550,8.9075,3.0275,-0.81345,-0.22040,1.12230,172.922,-4.716,-111.883
26734.226934,0.00718,0.12562,-10.07977,-13.1425,9.0125,3.1675,-0.81867,-0.21547,1.11911,172.921,-4.717,-111.914
26734.226934,0.00957,0.11486,-10.09053,-12.8450,8.9775,3.0450,-0.81867,-0.21547,1.11911,172.923,-4.717,-111.943
26734.226934,0.00837,0.12443,-10.08455,-13.0375,8.9950,3.1150,-0.81867,-0.21547,1.11911,172.923,-4.717,-111.974
26734.226934,0.00718,0.13041,-10.09293,-12.9150,8.8200,3.0975,-0.81867,-0.21547,1.11911,172.923,-4.716,-112.004
26734.226934,0.01675,0.12921,-10.08575,-13.0025,8.8550,3.0100,-0.81867,-0.21547,1.11911,172.922,-4.715,-112.034
26734.325034,0.00718,0.13400,-10.07977,-13.0025,8.8200,3.0100,-0.81867,-0.21547,1.11911,172.921,-4.714,-112.063
26734.325034,0.01555,0.12921,-10.08814,-13.0025,8.9775,3.0625,-0.81867,-0.21547,1.11911,172.920,-4.715,-112.093
26734.325034,0.00718,0.12802,-10.08814,-12.9500,8.8375,3.0450,-0.81867,-0.21547,1.11911,172.920,-4.713,-112.123
26734.325034,0.00598,0.12682,-10.08575,-12.9150,8.8900,3.0450,-0.81867,-0.21547,1.11911,172.921,-4.712,-112.153
26734.325034,0.00837,0.12323,-10.09053,-12.9850,8.9600,3.0975,-0.81867,-0.21547,1.11911,172.921,-4.712,-112.183
26734.325034,0.00837,0.13041,-10.08096,-12.8975,8.9250,3.0275,-0.81577,-0.22127,1.12723,172.921,-4.712,-112.212
26734.325034,0.01077,0.13519,-10.09053,-12.9150,8.9600,2.9925,-0.81577,-0.22127,1.12723,172.921,-4.712,-112.241
26734.325034,0.02273,0.13161,-10.08814,-12.9500,8.8900,3.1675,-0.81577,-0.22127,1.12723,172.921,-4.713,-112.272
26734.325034,0.01795,0.13041,-10.09651,-13.0025,8.9600,3.0275,-0.81577,-0.22127,1.12723,172.920,-4.714,-112.302
26734.325034,0.00598,0.12682,-10.08814,-13.0025,8.9950,3.1150,-0.81577,-0.22127,1.12723,172.920,-4.714,-112.332
26734.431264,0.00598,0.12802,-10.08934,-12.9325,8.9775,3.0975,-0.81577,-0.22127,1.12723,172.920,-4.714,-112.363
26734.431264,0.00837,0.12203,-10.09412,-12.9850,8.9775,3.1150,-0.81577,-0.22127,1.12723,172.920,-4.714,-112.393
26734.431264,0.00598,0.12921,-10.08335,-13.0025,8.9425,3.0275,-0.81577,-0.22127,1.12723,172.920,-4.714,-112.423
26734.431264,0.00479,0.12203,-10.09173,-13.0375,8.9775,3.0450,-0.81577,-0.22127,1.12723,172.920,-4.713,-112.452
26734.431264,0.00718,0.12802,-10.08216,-12.9675,8.8900,3.2025,-0.81577,-0.22127,1.12723,172.920,-4.713,-112.484
26734.431264,0.02632,0.12443,-10.08096,-13.0025,8.9425,3.1325,-0.81838,-0.22533,1.11911,172.920,-4.714,-112.514
26734.431264,0.01675,0.12203,-10.08216,-13.1425,8.9250,3.0800,-0.81838,-0.22533,1.11911,172.919,-4.715,-112.544
26734.431264,0.01555,0.12203,-10.07618,-12.9850,8.9075,3.1325,-0.81838,-0.22533,1.11911,172.919,-4.715,-112.575
26734.431264,0.01316,0.11964,-10.09412,-12.9500,8.9250,3.0100,-0.81838,-0.22533,1.11911,172.920,-4.715,-112.605
26734.431264,0.00598,0.13639,-10.08455,-12.9325,8.9775,2.9925,-0.81838,-0.22533,1.11911,172.919,-4.715,-112.634
26734.549840,0.00598,0.13759,-10.09173,-12.9150,8.8900,3.0275,-0.81838,-0.22533,1.11911,172.919,-4.714,-112.663
26734.549840,0.00718,0.13280,-10.08575,-12.8625,8.8550,3.0625,-0.81838,-0.22533,1.11911,172.919,-4.713,-112.693
26734.549840,0.01675,0.12443,-10.07857,-12.7575,8.9075,3.0975,-0.81838,-0.22533,1.11911,172.922,-4.713,-112.724
26734.549840,0.00957,0.11844,-10.08455,-12.9500,8.9250,3.1675,-0.81838,-0.22533,1.11911,172.923,-4.713,-112.755
26734.549840,0.01196,0.12802,-10.08216,-12.9850,8.8900,3.0975,-0.81838,-0.22533,1.11911,172.923,-4.713,-112.785
26734.549840,0.00718,0.12323,-10.08216,-12.9850,8.8550,3.0800,-0.82128,-0.22243,1.12926,172.923,-4.711,-112.815
26734.549840,0.00837,0.12084,-10.08335,-12.9500,9.0650,3.0800,-0.82128,-0.22243,1.12926,172.924,-4.712,-112.845
26734.549840,0.00718,0.11725,-10.07618,-12.8450,8.8725,3.0450,-0.82128,-0.22243,1.12926,172.926,-4.711,-112.875
26734.549840,0.00837,0.13041,-10.09173,-12.8800,8.9775,3.0450,-0.82128,-0.22243,1.12926,172.927,-4.711,-112.905
26734.549840,0.00718,0.12921,-10.08814,-12.9325,8.9075,3.1150,-0.82128,-0.22243,1.12926,172.927,-4.711,-112.935
26734.624993,0.00598,0.12802,-10.08694,-12.9150,8.8025,3.1150,-0.82128,-0.22243,1.12926,172.927,-4.709,-112.966
26734.624993,0.01436,0.13519,-10.08694,-12.8625,8.8725,3.0275,-0.82128,-0.22243,1.12926,172.927,-4.709,-112.995
26734.624993,0.00837,0.13041,-10.07139,-12.9675,8.9775,2.9575,-0.82128,-0.22243,1.12926,172.927,-4.709,-113.024
26734.624993,0.00957,0.12921,-10.09053,-12.9150,8.9075,3.0275,-0.82128,-0.22243,1.12926,172.927,-4.708,-113.054
26734.624993,0.01555,0.12443,-10.08814,-12.9850,8.9250,3.1150,-0.82128,-0.22243,1.12926,172.927,-4.709,-113.084
26734.624993,0.00598,0.12682,-10.08216,-12.9850,8.9950,3.1325,-0.81954,-0.22098,1.12723,172.927,-4.709,-113.115
26734.624993,0.00957,0.12203,-10.08814,-12.9850,9.0125,3.1500,-0.81954,-0.22098,1.12723,172.927,-4.710,-113.145
26734.624993,0.00718,0.12921,-10.08335,-13.0550,8.9425,3.0450,-0.81954,-0.22098,1.12723,172.926,-4.709,-113.175
26734.624993,0.00718,0.14357,-10.07737,-12.9500,8.8900,3.1500,-0.81954,-0.22098,1.12723,172.924,-4.709,-113.206
26734.624993,0.01196,0.13400,-10.09053,-12.9850,8.9600,3.0800,-0.81954,-0.22098,1.12723,172.923,-4.709,-113.236
26734.726228,0.01436,0.13878,-10.08455,-12.9675,8.9075,3.0625,-0.81954,-0.22098,1.12723,172.922,-4.709,-113.266
26734.726228,0.01555,0.13161,-10.10369,-12.9150,9.0475,3.0800,-0.81954,-0.22098,1.12723,172.922,-4.711,-113.296
26734.726228,0.02034,0.13161,-10.08335,-12.9325,8.8550,3.1500,-0.81954,-0.22098,1.12723,172.922,-4.711,-113.326
26734.726228,0.00598,0.12562,-10.08455,-12.9850,8.9075,3.0975,-0.81954,-0.22098,1.12723,172.922,-4.710,-113.357
26734.726228,0.00598,0.12921,-10.08575,-12.9150,8.9600,3.1850,-0.81954,-0.22098,1.12723,172.923,-4.710,-113.388
26734.726228,0.01436,0.12921,-10.07498,-12.9325,8.9075,3.1150,-0.81432,-0.22214,1.11998,172.923,-4.710,-113.418
26734.726228,0.00837,0.13280,-10.09053,-12.8800,8.9775,3.0100,-0.81432,-0.22214,1.11998,172.923,-4.710,-113.448
26734.726228,0.00837,0.14118,-10.09053,-12.8450,8.9425,3.1150,-0.81432,-0.22214,1.11998,172.923,-4.710,-113.478
26734.726228,0.01077,0.13519,-10.07618,-12.8450,8.8375,3.0800,-0.81432,-0.22214,1.11998,172.923,-4.709,-113.508
26734.726228,0.00837,0.12443,-10.08335,-13.0375,8.9075,3.0800,-0.81432,-0.22214,1.11998,172.923,-4.709,-113.538
26734.835474,0.00837,0.12084,-10.07737,-13.0725,8.8725,3.2025,-0.81432,-0.22214,1.11998,172.923,-4.708,-113.570
26734.835474,0.01316,0.12682,-10.08216,-12.9850,8.9775,3.0275,-0.81432,-0.22214,1.11998,172.923,-4.708,-113.599
26734.835474,0.00957,0.12562,-10.08335,-12.8975,8.9600,2.9925,-0.81432,-0.22214,1.11998,172.924,-4.709,-113.628
26734.835474,0.01077,0.12203,-10.08096,-12.7925,8.9950,3.0625,-0.81432,-0.22214,1.11998,172.926,-4.709,-113.658
26734.835474,0.01316,0.13041,-10.08934,-12.8975,9.0125,3.0625,-0.81432,-0.22214,1.11998,172.926,-4.710,-113.688
26734.835474,0.01675,0.13400,-10.08096,-12.9325,8.9250,2.9575,-0.81896,-0.21924,1.11911,172.926,-4.710,-113.717
26734.835474,0.00837,0.12562,-10.08934,-12.7925,8.9600,3.0450,-0.81896,-0.21924,1.11911,172.928,-4.710,-113.747
26734.835474,0.01316,0.13041,-10.08455,-12.8625,8.9950,2.9750,-0.81896,-0.21924,1.11911,172.928,-4.711,-113.776
26734.835474,0.01316,0.12802,-10.07977,-12.9850,8.9250,3.0975,-0.81896,-0.21924,1.11911,172.928,-4.711,-113.806
26734.835474,0.00479,0.12682,-10.08694,-13.0025,8.9775,3.0975,-0.81896,-0.21924,1.11911,172.928,-4.711,-113.836
26734.931439,0.00479,0.12802,-10.08096,-12.8800,8.8725,3.0275,-0.81896,-0.21924,1.11911,172.928,-4.709,-113.866
26734.931439,0.01316,0.12921,-10.09651,-12.9675,8.9600,3.1325,-0.81896,-0.21924,1.11911,172.928,-4.710,-113.896
26734.931439,0.01795,0.12802,-10.08216,-12.8975,8.9075,3.0975,-0.81896,-0.21924,1.11911,172.929,-4.710,-113.927
26734.931439,0.01914,0.13161,-10.08934,-12.9500,8.9950,3.0450,-0.81896,-0.21924,1.11911,172.929,-4.712,-113.956
26734.931439,0.01077,0.13400,-10.08934,-12.9150,8.8900,3.1150,-0.81896,-0.21924,1.11911,172.928,-4.711,-113.987
26734.931439,0.01436,0.12682,-10.07618,-13.0025,9.0300,3.1150,-0.81229,-0.22446,1.11737,172.928,-4.713,-114.017
26734.931439,0.01077,0.13041,-10.07977,-13.0200,9.0475,3.0625,-0.81229,-0.22446,1.11737,172.927,-4.714,-114.047
26734.931439,0.00718,0.11366,-10.09173,-12.8800,8.9950,3.1325,-0.81229,-0.22446,1.11737,172.930,-4.714,-114.077
26734.931439,0.00837,0.12443,-10.09293,-12.8625,8.9950,3.0800,-0.81229,-0.22446,1.11737,172.931,-4.714,-114.108
26734.931439,0.01196,0.12562,-10.08814,-12.8975,8.9075,3.1150,-0.81229,-0.22446,1.11737,172.932,-4.714,-114.138
26735.045741,0.01795,0.13161,-10.08335,-12.9500,8.9075,3.0800,-0.81229,-0.22446,1.11737,172.932,-4.714,-114.168
26735.045741,0.01675,0.13161,-10.09173,-12.9850,9.0125,3.0625,-0.81229,-0.22446,1.11737,172.931,-4.715,-114.198
26735.045741,0.01077,0.12084,-10.08934,-12.8800,8.9950,3.0800,-0.81229,-0.22446,1.11737,172.932,-4.716,-114.228
26735.045741,0.01077,0.12562,-10.08335,-12.9675,8.8375,3.1325,-0.81229,-0.22446,1.11737,172.933,-4.715,-114.259
26735.045741,0.00718,0.13280,-10.10250,-12.8450,8.9250,3.1500,-0.81229,-0.22446,1.11737,172.933,-4.714,-114.290
26735.045741,0.00837,0.13280,-10.09053,-12.8800,8.8550,3.1325,-0.82041,-0.22475,1.12607,172.933,-4.713,-114.320
26735.045741,0.01077,0.12802,-10.07618,-12.8975,8.9250,3.1325,-0.82041,-0.22475,1.12607,172.934,-4.713,-114.351
26735.045741,0.01914,0.13041,-10.08216,-12.8625,9.0650,3.1150,-0.82041,-0.22475,1.12607,172.935,-4.715,-114.381
26735.045741,0.01555,0.12682,-10.07977,-12.9150,9.1175,3.1325,-0.82041,-0.22475,1.12607,172.935,-4.717,-114.412
26735.045741,0.00837,0.12921,-10.08455,-12.8975,8.9950,3.2025,-0.82041,-0.22475,1.12607,172.936,-4.717,-114.443
26735.127016,0.01316,0.12682,-10.08216,-12.8800,9.0650,3.2200,-0.82041,-0.22475,1.12607,172.937,-4.719,-114.474
26735.127016,0.01077,0.13041,-10.08814,-12.8450,8.9600,3.0625,-0.82041,-0.22475,1.12607,172.937,-4.719,-114.504
26735.127016,0.00718,0.12802,-10.09771,-12.9675,8.9775,3.0450,-0.82041,-0.22475,1.12607,172.937,-4.718,-114.534
26735.127016,0.00598,0.13041,-10.09771,-12.9325,8.9250,2.9050,-0.82041,-0.22475,1.12607,172.937,-4.717,-114.562
26735.127016,0.01316,0.13041,-10.08694,-13.0725,8.9075,3.0100,-0.82041,-0.22475,1.12607,172.935,-4.717,-114.592
26735.127016,0.00837,0.12203,-10.09412,-12.7575,8.9250,3.0100,-0.81577,-0.22011,1.11998,172.938,-4.716,-114.621
26735.127016,0.01077,0.11964,-10.08216,-12.8450,8.9425,3.0625,-0.81577,-0.22011,1.11998,172.940,-4.716,-114.651
26735.127016,0.00837,0.11486,-10.08216,-12.8625,8.9250,3.0625,-0.81577,-0.22011,1.11998,172.942,-4.715,-114.681
26735.127016,0.00718,0.12203,-10.07737,-12.7750,8.7675,3.1500,-0.81577,-0.22011,1.11998,172.945,-4.713,-114.712
26735.127016,0.00718,0.13161,-10.08216,-13.0025,8.8375,3.0800,-0.81577,-0.22011,1.11998,172.943,-4.712,-114.742
26735.227186,0.00718,0.13161,-10.08216,-12.8100,8.9600,2.9750,-0.81577,-0.22011,1.11998,172.944,-4.711,-114.771
26735.227186,0.00718,0.13878,-10.08575,-12.7575,8.9600,3.2025,-0.81577,-0.22011,1.11998,172.945,-4.711,-114.803
26735.227186,0.01077,0.14237,-10.07737,-12.8450,8.9425,3.1325,-0.81577,-0.22011,1.11998,172.944,-4.711,-114.833
26735.227186,0.01196,0.13998,-10.08814,-12.9150,8.9950,3.0625,-0.81577,-0.22011,1.11998,172.943,-4.712,-114.863
26735.227186,0.00837,0.13998,-10.08216,-12.9325,8.9250,2.9750,-0.81577,-0.22011,1.11998,172.942,-4.711,-114.892
26735.227186,0.01436,0.13400,-10.08694,-13.1250,8.9600,3.0450,-0.81809,-0.21895,1.11766,172.939,-4.711,-114.921
26735.227186,0.00837,0.12802,-10.07857,-12.9675,9.0125,3.0625,-0.81809,-0.21895,1.11766,172.939,-4.712,-114.951
26735.227186,0.01795,0.12802,-10.09412,-12.8625,8.9425,3.0450,-0.81809,-0.21895,1.11766,172.940,-4.712,-114.981
26735.227186,0.01675,0.12203,-10.09771,-12.9150,8.8900,3.0100,-0.81809,-0.21895,1.11766,172.941,-4.712,-115.010
26735.227186,0.00837,0.13161,-10.09293,-12.8800,8.8900,3.0625,-0.81809,-0.21895,1.11766,172.941,-4.711,-115.040
26735.328046,0.01436,0.12682,-10.08335,-12.8800,8.8725,3.0450,-0.81809,-0.21895,1.11766,172.942,-4.711,-115.070
26735.328046,0.00718,0.13161,-10.08814,-12.8800,9.1000,3.1150,-0.81809,-0.21895,1.11766,172.942,-4.712,-115.100
26735.328046,0.00718,0.12443,-10.08096,-13.0025,8.9775,3.1150,-0.81809,-0.21895,1.11766,172.942,-4.712,-115.131
26735.328046,0.00718,0.13161,-10.08455,-13.0375,8.9075,3.2375,-0.81809,-0.21895,1.11766,172.941,-4.711,-115.163
26735.328046,0.00718,0.12562,-10.08575,-12.9500,8.9250,3.0450,-0.81809,-0.21895,1.11766,172.941,-4.710,-115.192
26735.328046,0.01675,0.12084,-10.08216,-12.9325,8.9425,3.2200,-0.81838,-0.21982,1.12288,172.942,-4.711,-115.224
26735.328046,0.01795,0.12323,-10.09651,-12.9850,8.9425,3.1150,-0.81838,-0.21982,1.12288,172.942,-4.712,-115.254
26735.328046,0.01077,0.12562,-10.09293,-13.0025,9.1000,3.0275,-0.81838,-0.21982,1.12288,172.942,-4.713,-115.284
26735.328046,0.00718,0.13400,-10.07618,-13.0025,8.9600,2.9925,-0.81838,-0.21982,1.12288,172.940,-4.713,-115.313
26735.328046,0.01077,0.13041,-10.08455,-12.9150,8.9250,3.1150,-0.81838,-0.21982,1.12288,172.941,-4.712,-115.343
26735.431636,0.00718,0.12921,-10.08096,-12.9150,9.0125,2.9925,-0.81838,-0.21982,1.12288,172.941,-4.712,-115.373
26735.431636,0.00837,0.13161,-10.08694,-12.9675,8.9950,3.1150,-0.81838,-0.21982,1.12288,172.940,-4.713,-115.403
26735.431636,0.00598,0.12921,-10.08455,-13.0900,8.9775,3.1150,-0.81838,-0.21982,1.12288,172.939,-4.712,-115.433
26735.431636,0.00718,0.12921,-10.08216,-13.0550,9.0125,3.0800,-0.81838,-0.21982,1.12288,172.937,-4.712,-115.463
26735.431636,0.01555,0.12562,-10.08575,-12.9850,8.8550,3.1675,-0.81838,-0.21982,1.12288,172.938,-4.712,-115.494
26735.431636,0.01555,0.13161,-10.07977,-12.8625,8.8200,3.1150,-0.81722,-0.22214,1.11099,172.938,-4.711,-115.525
26735.431636,0.02393,0.12443,-10.09412,-12.8800,8.9600,3.1325,-0.81722,-0.22214,1.11099,172.939,-4.713,-115.556
26735.431636,0.01316,0.13161,-10.09412,-12.9675,9.0300,3.0975,-0.81722,-0.22214,1.11099,172.939,-4.714,-115.586
26735.431636,0.01316,0.12921,-10.08455,-12.9325,9.0475,3.1150,-0.81722,-0.22214,1.11099,172.939,-4.715,-115.616
26735.431636,0.00837,0.13280,-10.08335,-12.9850,8.9600,3.1500,-0.81722,-0.22214,1.11099,172.938,-4.715,-115.647
26735.526190,0.00837,0.13639,-10.08934,-12.9150,8.9075,3.1150,-0.81722,-0.22214,1.11099,172.938,-4.714,-115.677
26735.526190,0.01077,0.12802,-10.08575,-12.8625,8.9950,3.1150,-0.81722,-0.22214,1.11099,172.939,-4.714,-115.708
26735.526190,0.01675,0.12323,-10.09651,-12.7925,8.8900,3.0275,-0.81722,-0.22214,1.11099,172.941,-4.714,-115.737
26735.526190,0.01316,0.12562,-10.08814,-12.8625,8.9775,3.0975,-0.81722,-0.22214,1.11099,172.942,-4.715,-115.768
26735.526190,0.01436,0.12323,-10.09532,-12.9500,8.9075,3.0800,-0.81722,-0.22214,1.11099,172.943,-4.714,-115.798
26735.526190,0.02034,0.12921,-10.08335,-12.9675,8.9425,3.0450,-0.81722,-0.22272,1.11679,172.942,-4.715,-115.828
26735.526190,0.00598,0.12562,-10.07977,-12.9675,9.0125,3.1500,-0.81722,-0.22272,1.11679,172.942,-4.715,-115.858
26735.526190,0.00718,0.12443,-10.08694,-12.9500,9.0125,3.1325,-0.81722,-0.22272,1.11679,172.943,-4.715,-115.889
26735.526190,0.00957,0.12562,-10.09771,-12.9150,8.9075,3.0975,-0.81722,-0.22272,1.11679,172.944,-4.715,-115.919
26735.526190,0.00837,0.13041,-10.08335,-12.9850,8.9600,3.1325,-0.81722,-0.22272,1.11679,172.943,-4.714,-115.950
26735.648013,0.01436,0.13759,-10.09651,-12.8275,8.9075,3.1500,-0.81722,-0.22272,1.11679,172.943,-4.714,-115.981
26735.648013,0.00837,0.13161,-10.07857,-12.7925,8.8900,3.0975,-0.81722,-0.22272,1.11679,172.944,-4.713,-116.011
26735.648013,0.01675,0.12682,-10.09293,-12.9675,9.0650,3.0800,-0.81722,-0.22272,1.11679,172.944,-4.715,-116.041
26735.648013,0.01196,0.13161,-10.08814,-12.8450,9.0300,3.1675,-0.81722,-0.22272,1.11679,172.945,-4.716,-116.072
26735.648013,0.00957,0.12084,-10.08455,-12.7400,8.9950,3.0625,-0.81722,-0.22272,1.11679,172.948,-4.716,-116.102
26735.648013,0.00718,0.11964,-10.09532,-12.8100,9.0125,3.0975,-0.81635,-0.22475,1.11853,172.950,-4.716,-116.132
26735.648013,0.00598,0.12084,-10.09173,-12.8800,8.9250,3.0975,-0.81635,-0.22475,1.11853,172.952,-4.715,-116.162
26735.648013,0.00837,0.13280,-10.08694,-12.8625,8.9600,3.0975,-0.81635,-0.22475,1.11853,172.952,-4.715,-116.192
26735.648013,0.00718,0.13639,-10.07857,-13.0200,8.8725,3.0450,-0.81635,-0.22475,1.11853,172.950,-4.713,-116.222
26735.648013,0.01077,0.13400,-10.07857,-12.9500,8.9075,3.0975,-0.81635,-0.22475,1.11853,172.949,-4.713,-116.253
26735.726871,0.01436,0.12802,-10.07737,-12.8975,8.8900,3.0450,-0.81635,-0.22475,1.11853,172.950,-4.712,-116.282
26735.726871,0.01675,0.13161,-10.09412,-12.8625,8.8900,3.0450,-0.81635,-0.22475,1.11853,172.950,-4.712,-116.312
26735.726871,0.01436,0.12921,-10.09053,-12.9325,8.7500,3.0275,-0.81635,-0.22475,1.11853,172.950,-4.710,-116.342
26735.726871,0.01196,0.12084,-10.08934,-13.0375,8.8900,3.1500,-0.81635,-0.22475,1.11853,172.950,-4.710,-116.373
26735.726871,0.00957,0.13041,-10.07857,-12.9150,8.8550,3.0800,-0.81635,-0.22475,1.11853,172.950,-4.709,-116.403
26735.726871,0.00957,0.12802,-10.07737,-12.9675,8.9600,3.1150,-0.82824,-0.21518,1.12549,172.950,-4.709,-116.433
26735.726871,0.01555,0.13161,-10.08575,-12.8975,8.8900,3.0800,-0.82824,-0.21518,1.12549,172.950,-4.708,-116.464
26735.726871,0.01316,0.13759,-10.09053,-12.8800,8.8900,3.1150,-0.82824,-0.21518,1.12549,172.949,-4.708,-116.494
26735.726871,0.01316,0.13998,-10.09053,-13.1250,9.0475,3.1325,-0.82824,-0.21518,1.12549,172.946,-4.709,-116.524
26735.726871,0.01196,0.13280,-10.07977,-13.0375,8.8725,3.0450,-0.82824,-0.21518,1.12549,172.945,-4.709,-116.554
26735.825559,0.00837,0.12443,-10.08216,-13.0025,9.0475,3.1500,-0.82824,-0.21518,1.12549,172.945,-4.709,-116.585
26735.825559,0.01436,0.11725,-10.09293,-12.8100,8.9600,3.0275,-0.82824,-0.21518,1.12549,172.947,-4.710,-116.615
26735.825559,0.00718,0.12562,-10.08575,-12.8625,8.9600,3.0625,-0.82824,-0.21518,1.12549,172.948,-4.709,-116.644
26735.825559,0.01077,0.13400,-10.09293,-12.9500,8.9075,3.1150,-0.82824,-0.21518,1.12549,172.948,-4.709,-116.675
26735.825559,0.01555,0.12084,-10.09891,-12.9325,8.9775,3.0100,-0.82824,-0.21518,1.12549,172.949,-4.709,-116.704
26735.825559,0.01077,0.13041,-10.07857,-12.9150,9.0125,3.0625,-0.81606,-0.21924,1.12433,172.949,-4.710,-116.734
26735.825559,0.01316,0.13161,-10.09771,-13.0200,9.0475,3.2200,-0.81606,-0.21924,1.12433,172.948,-4.711,-116.766
26735.825559,0.00837,0.12682,-10.07977,-13.0375,9.0300,3.0975,-0.81606,-0.21924,1.12433,172.947,-4.711,-116.796
26735.825559,0.01316,0.13041,-10.09173,-12.9500,8.9600,3.0625,-0.81606,-0.21924,1.12433,172.947,-4.712,-116.826
26735.825559,0.01077,0.13519,-10.10609,-12.9325,8.9075,3.0975,-0.81606,-0.21924,1.12433,172.946,-4.711,-116.856
26735.925365,0.02034,0.13041,-10.08694,-12.9500,8.9600,3.0800,-0.81606,-0.21924,1.12433,172.946,-4.712,-116.886
26735.925365,0.01077,0.12802,-10.08216,-12.8975,8.8900,3.0625,-0.81606,-0.21924,1.12433,172.946,-4.711,-116.916
26735.925365,0.00718,0.12682,-10.07737,-12.9850,8.9075,3.1150,-0.81606,-0.21924,1.12433,172.946,-4.710,-116.946
26735.925365,0.01196,0.13519,-10.09053,-13.0375,8.8900,3.1150,-0.81606,-0.21924,1.12433,172.945,-4.710,-116.977
26735.925365,0.00598,0.12562,-10.09412,-13.0025,8.8900,3.0625,-0.81606,-0.21924,1.12433,172.945,-4.708,-117.007
26735.925365,0.01196,0.12084,-10.08575,-12.9675,8.8900,3.0975,-0.81867,-0.21895,1.11940,172.945,-4.708,-117.037
26735.925365,0.00837,0.11844,-10.07378,-12.9675,8.8725,3.0800,-0.81867,-0.21895,1.11940,172.946,-4.707,-117.068
26735.925365,0.00718,0.12323,-10.08575,-12.8800,9.0125,3.1850,-0.81867,-0.21895,1.11940,172.948,-4.707,-117.099
26735.925365,0.01196,0.12203,-10.08575,-12.9150,8.9950,3.0975,-0.81867,-0.21895,1.11940,172.949,-4.707,-117.129
26735.925365,0.01077,0.12443,-10.08694,-12.9675,9.0125,3.0625,-0.81867,-0.21895,1.11940,172.949,-4.708,-117.159
26736.038840,0.00598,0.13161,-10.08455,-12.8100,8.9950,3.0450,-0.81867,-0.21895,1.11940,172.950,-4.708,-117.189
26736.038840,0.01077,0.13280,-10.08455,-12.8975,8.9425,3.0800,-0.81867,-0.21895,1.11940,172.950,-4.707,-117.219
26736.038840,0.00957,0.13280,-10.07139,-13.0025,8.9250,3.1325,-0.81867,-0.21895,1.11940,172.949,-4.707,-117.249
26736.038840,0.01436,0.12802,-10.08575,-12.9150,8.8550,3.0800,-0.81867,-0.21895,1.11940,172.949,-4.706,-117.279
26736.038840,0.01436,0.13161,-10.08455,-12.9675,8.9075,3.1150,-0.81867,-0.21895,1.11940,172.949,-4.706,-117.310
26736.038840,0.01316,0.13041,-10.08216,-13.1600,8.9425,3.0800,-0.81925,-0.22272,1.11534,172.946,-4.706,-117.340
26736.038840,0.01196,0.12562,-10.08335,-13.1600,8.9250,3.2025,-0.81925,-0.22272,1.11534,172.945,-4.706,-117.371
26736.038840,0.00957,0.12921,-10.07857,-12.9850,8.9950,3.1500,-0.81925,-0.22272,1.11534,172.944,-4.707,-117.402
26736.038840,0.00598,0.13041,-10.07737,-12.9325,9.0125,3.1150,-0.81925,-0.22272,1.11534,172.944,-4.707,-117.432
26736.038840,0.01436,0.12802,-10.08575,-12.8625,8.8900,3.1675,-0.81925,-0.22272,1.11534,172.946,-4.706,-117.463
26736.127684,0.00957,0.11844,-10.08216,-12.7750,8.9425,3.0625,-0.81925,-0.22272,1.11534,172.948,-4.706,-117.493
26736.127684,0.01436,0.12323,-10.08216,-12.8100,8.8200,3.1150,-0.81925,-0.22272,1.11534,172.951,-4.705,-117.524
26736.127684,0.01196,0.12443,-10.08575,-12.8800,8.9075,3.0975,-0.81925,-0.22272,1.11534,172.952,-4.705,-117.554
26736.127684,0.01436,0.12562,-10.08096,-12.7925,8.9425,3.1150,-0.81925,-0.22272,1.11534,172.954,-4.705,-117.585
26736.127684,0.01555,0.13041,-10.10609,-12.8625,8.9600,3.0100,-0.81925,-0.22272,1.11534,172.954,-4.705,-117.614
26736.127684,0.01196,0.13041,-10.07139,-12.8450,8.9250,3.0800,-0.82186,-0.22504,1.12288,172.955,-4.705,-117.644
26736.127684,0.01316,0.13041,-10.07498,-12.8625,9.0475,3.1150,-0.82186,-0.22504,1.12288,172.955,-4.706,-117.675
26736.127684,0.00837,0.13400,-10.08694,-13.0550,9.0825,3.1675,-0.82186,-0.22504,1.12288,172.954,-4.707,-117.705
26736.127684,0.01675,0.13878,-10.08096,-12.9500,8.9950,3.1500,-0.82186,-0.22504,1.12288,172.952,-4.708,-117.736
26736.127684,0.01914,0.13041,-10.08814,-12.8975,8.9075,3.0275,-0.82186,-0.22504,1.12288,172.953,-4.709,-117.766
26736.225061,0.01555,0.13639,-10.07977,-12.9850,8.8725,3.0975,-0.82186,-0.22504,1.12288,172.951,-4.708,-117.796
26736.225061,0.00718,0.13280,-10.08096,-12.9675,8.9250,3.1150,-0.82186,-0.22504,1.12288,172.951,-4.707,-117.826
26736.225061,0.00837,0.12203,-10.08335,-12.8625,9.1700,3.0450,-0.82186,-0.22504,1.12288,172.952,-4.709,-117.856
26736.225061,0.01077,0.12443,-10.07737,-12.8275,9.0125,3.0975,-0.82186,-0.22504,1.12288,172.954,-4.710,-117.886
26736.225061,0.00957,0.12682,-10.07977,-12.7925,8.8375,3.0450,-0.82186,-0.22504,1.12288,172.956,-4.708,-117.916
26736.225061,0.01316,0.12802,-10.08694,-12.6700,8.8375,3.1325,-0.81722,-0.21982,1.12114,172.958,-4.707,-117.947
26736.225061,0.00718,0.13878,-10.07977,-12.8800,8.8725,3.0800,-0.81722,-0.21982,1.12114,172.958,-4.706,-117.977
26736.225061,0.01196,0.12443,-10.08934,-12.9850,8.9250,3.1325,-0.81722,-0.21982,1.12114,172.958,-4.706,-118.008
26736.225061,0.00837,0.12323,-10.08216,-12.9150,8.9250,3.0450,-0.81722,-0.21982,1.12114,172.959,-4.705,-118.037
26736.225061,0.01077,0.12323,-10.07259,-12.8625,8.9425,3.0275,-0.81722,-0.21982,1.12114,172.960,-4.705,-118.067
26736.325137,0.00718,0.14118,-10.08694,-12.8800,8.9425,3.0275,-0.81722,-0.21982,1.12114,172.959,-4.704,-118.096
26736.325137,0.00718,0.12802,-10.09412,-12.8800,8.8900,3.1150,-0.81722,-0.21982,1.12114,172.960,-4.703,-118.127
26736.325137,0.01316,0.12802,-10.07857,-12.8975,8.8725,3.1325,-0.81722,-0.21982,1.12114,172.960,-4.702,-118.158
26736.325137,0.01555,0.12802,-10.08096,-12.9500,8.9250,3.0625,-0.81722,-0.21982,1.12114,172.960,-4.702,-118.188
26736.325137,0.00718,0.13519,-10.08216,-12.9500,9.0825,3.1500,-0.81722,-0.21982,1.12114,172.959,-4.703,-118.218
26736.325137,0.01077,0.12203,-10.08096,-12.8450,8.9425,3.0625,-0.81606,-0.22156,1.11853,172.961,-4.703,-118.248
26736.325137,0.00957,0.13161,-10.08934,-12.8100,8.9075,2.9750,-0.81606,-0.22156,1.11853,172.962,-4.702,-118.277
26736.325137,0.02034,0.12562,-10.09412,-12.9675,8.9250,3.0275,-0.81606,-0.22156,1.11853,172.961,-4.703,-118.307
26736.325137,0.02034,0.12203,-10.08694,-12.9150,8.9950,3.0625,-0.81606,-0.22156,1.11853,172.962,-4.704,-118.337
26736.325137,0.01436,0.12802,-10.09173,-12.7925,8.9075,2.9400,-0.81606,-0.22156,1.11853,172.964,-4.704,-118.366
26736.426044,0.01196,0.11964,-10.07977,-12.8800,8.9775,3.0800,-0.81606,-0.22156,1.11853,172.965,-4.704,-118.396
26736.426044,0.00957,0.12203,-10.08455,-12.9325,9.0475,3.1850,-0.81606,-0.22156,1.11853,172.966,-4.705,-118.427
26736.426044,0.00598,0.12203,-10.08096,-12.9325,8.9950,3.1150,-0.81606,-0.22156,1.11853,172.967,-4.705,-118.457
26736.426044,0.00718,0.12802,-10.08694,-12.9150,8.9600,2.9575,-0.81606,-0.22156,1.11853,172.967,-4.704,-118.486
26736.426044,0.01196,0.12682,-10.08335,-13.0550,8.8725,3.2025,-0.81606,-0.22156,1.11853,172.966,-4.704,-118.518
26736.426044,0.00957,0.13280,-10.08216,-12.7750,8.8725,3.1850,-0.82128,-0.21373,1.11679,172.967,-4.703,-118.549
26736.426044,0.01795,0.12443,-10.07977,-12.9500,8.9600,3.1325,-0.82128,-0.21373,1.11679,172.967,-4.703,-118.579
26736.426044,0.01196,0.13519,-10.08575,-12.8800,8.8900,3.0625,-0.82128,-0.21373,1.11679,172.967,-4.703,-118.609
26736.426044,0.01316,0.13759,-10.08096,-12.8450,8.9250,3.0100,-0.82128,-0.21373,1.11679,172.966,-4.703,-118.639
26736.426044,0.00598,0.12802,-10.07259,-12.8975,8.9950,3.1500,-0.82128,-0.21373,1.11679,172.967,-4.702,-118.669
26736.524577,0.01077,0.12682,-10.07737,-12.8625,8.9250,3.0625,-0.82128,-0.21373,1.11679,172.968,-4.702,-118.699
26736.524577,0.01077,0.12562,-10.08455,-12.8800,8.8550,3.0100,-0.82128,-0.21373,1.11679,172.968,-4.701,-118.729
26736.524577,0.01316,0.12562,-10.08575,-12.7750,8.9250,3.0450,-0.82128,-0.21373,1.11679,172.970,-4.701,-118.759
26736.524577,0.01077,0.12802,-10.08575,-12.8275,8.9250,3.0800,-0.82128,-0.21373,1.11679,172.971,-4.700,-118.789
26736.524577,0.00957,0.12682,-10.08575,-12.7750,8.9075,3.0800,-0.82128,-0.21373,1.11679,172.973,-4.700,-118.819
26736.524577,0.00598,0.11844,-10.09053,-12.8800,8.9775,3.0975,-0.82128,-0.22069,1.11708,172.974,-4.699,-118.849
26736.524577,0.01436,0.12203,-10.09412,-12.9150,8.8725,3.1500,-0.82128,-0.22069,1.11708,172.975,-4.699,-118.880
26736.524577,0.01316,0.13161,-10.07737,-12.8625,9.0475,3.1325,-0.82128,-0.22069,1.11708,172.975,-4.700,-118.911
26736.524577,0.01077,0.12084,-10.08575,-12.8800,8.9775,3.0100,-0.82128,-0.22069,1.11708,172.976,-4.700,-118.940
26736.524577,0.00837,0.12802,-10.08694,-12.8975,8.9250,3.1150,-0.82128,-0.22069,1.11708,172.977,-4.700,-118.971
26736.645603,0.00598,0.12921,-10.08694,-13.0375,8.9775,3.0625,-0.82128,-0.22069,1.11708,172.975,-4.699,-119.000
26736.645603,0.01795,0.13280,-10.08216,-13.0725,9.0650,2.9925,-0.82128,-0.22069,1.11708,172.973,-4.701,-119.029
26736.645603,0.01675,0.12682,-10.09053,-13.0200,8.8550,3.0625,-0.82128,-0.22069,1.11708,172.972,-4.701,-119.059
26736.645603,0.01795,0.12443,-10.08575,-12.8975,8.9775,2.9925,-0.82128,-0.22069,1.11708,172.973,-4.701,-119.089
26736.645603,0.01555,0.13280,-10.08335,-12.8275,8.9950,3.0800,-0.82128,-0.22069,1.11708,172.973,-4.702,-119.119
26736.645603,0.00718,0.13161,-10.08216,-12.8800,8.9775,3.2200,-0.81896,-0.22417,1.11882,172.973,-4.702,-119.150
26736.645603,0.00598,0.12443,-10.07618,-12.9325,9.0300,3.1500,-0.81896,-0.22417,1.11882,172.974,-4.702,-119.181
26736.645603,0.00837,0.13161,-10.08694,-12.8800,9.0475,3.1150,-0.81896,-0.22417,1.11882,172.974,-4.703,-119.211
26736.645603,0.01077,0.11964,-10.08096,-12.8275,9.0300,2.9925,-0.81896,-0.22417,1.11882,172.976,-4.703,-119.240
26736.645603,0.00957,0.12682,-10.08814,-12.9675,8.9775,3.0975,-0.81896,-0.22417,1.11882,172.975,-4.703,-119.271
26737.769074,0.00837,0.12802,-10.08814,-12.8100,9.0475,3.0625,-0.81896,-0.22417,1.11882,172.976,-4.704,-119.300
26737.769074,0.00598,0.12921,-10.07259,-12.8975,9.0300,3.0800,-0.81896,-0.22417,1.11882,172.976,-4.704,-119.330
26737.769074,0.01675,0.12682,-10.07378,-13.1075,9.1000,3.2375,-0.81896,-0.22417,1.11882,172.975,-4.706,-119.362
26737.769074,0.01436,0.12921,-10.09293,-13.0375,9.1000,3.1325,-0.81896,-0.22417,1.11882,172.974,-4.708,-119.392
26737.769074,0.00957,0.12682,-10.08575,-12.9500,8.9600,3.1675,-0.81896,-0.22417,1.11882,172.973,-4.707,-119.423
26737.769074,0.01077,0.12203,-10.08814,-12.9500,8.8725,3.1500,-0.81809,-0.22069,1.11244,172.974,-4.706,-119.454
26737.769074,0.00598,0.12203,-10.08335,-12.8975,8.8375,3.0450,-0.81809,-0.22069,1.11244,172.975,-4.704,-119.484
26737.769074,0.00598,0.12921,-10.08216,-12.9325,8.8900,3.0275,-0.81809,-0.22069,1.11244,172.975,-4.703,-119.514
26737.769074,0.01675,0.12562,-10.08216,-12.9675,8.9600,3.0625,-0.81809,-0.22069,1.11244,172.975,-4.703,-119.544
26737.769074,0.01196,0.12682,-10.08455,-12.9850,8.9075,3.0100,-0.81809,-0.22069,1.11244,172.974,-4.703,-119.573
26737.769800,0.00718,0.13041,-10.08694,-12.9325,8.9950,3.0450,-0.81809,-0.22069,1.11244,172.974,-4.703,-119.603
26737.769800,0.00718,0.13639,-10.10250,-12.9500,8.9950,3.0450,-0.81809,-0.22069,1.11244,172.972,-4.702,-119.633
26737.769800,0.00957,0.12203,-10.08934,-12.9325,9.0125,3.0625,-0.81809,-0.22069,1.11244,172.973,-4.703,-119.663
26737.769800,0.00598,0.12562,-10.08694,-12.9850,8.9425,3.0450,-0.81809,-0.22069,1.11244,172.973,-4.702,-119.692
26737.769800,0.01077,0.12802,-10.09293,-12.9675,8.9250,3.0975,-0.81809,-0.22069,1.11244,172.972,-4.701,-119.723
26737.769800,0.01316,0.12921,-10.09651,-13.0375,9.0300,3.1325,-0.81490,-0.21953,1.11650,172.971,-4.702,-119.753
26737.769800,0.01316,0.13280,-10.08096,-12.8100,9.0300,3.0100,-0.81490,-0.21953,1.11650,172.972,-4.703,-119.782
26737.769800,0.00837,0.13041,-10.08216,-12.7750,9.0300,3.0275,-0.81490,-0.21953,1.11650,172.973,-4.703,-119.812
26737.769800,0.01436,0.12562,-10.08096,-12.9325,8.8550,3.0275,-0.81490,-0.21953,1.11650,172.973,-4.702,-119.842
26737.769800,0.00837,0.12682,-10.08216,-12.9850,9.0125,3.0975,-0.81490,-0.21953,1.11650,172.973,-4.702,-119.872
26737.770216,0.00837,0.13280,-10.09173,-12.9150,8.9250,3.0625,-0.81490,-0.21953,1.11650,172.973,-4.702,-119.902
26737.770216,0.00598,0.13161,-10.07857,-12.9675,8.9250,3.0800,-0.81490,-0.21953,1.11650,172.972,-4.701,-119.932
26737.770216,0.00718,0.13161,-10.08455,-12.8800,8.8550,3.0800,-0.81490,-0.21953,1.11650,172.972,-4.699,-119.962
26737.770216,0.00718,0.12562,-10.08335,-12.8625,8.8550,3.1150,-0.81490,-0.21953,1.11650,172.973,-4.698,-119.993
26737.770216,0.01196,0.12802,-10.07618,-13.0725,8.9425,3.1150,-0.81490,-0.21953,1.11650,172.972,-4.698,-120.023
26737.770216,0.01196,0.11844,-10.09053,-13.0025,9.0475,3.0975,-0.81809,-0.22475,1.11621,172.972,-4.699,-120.053
26737.770216,0.01436,0.12084,-10.10130,-12.9325,8.9600,3.1325,-0.81809,-0.22475,1.11621,172.973,-4.699,-120.084
26737.770216,0.01914,0.12084,-10.07259,-13.0550,8.9075,3.0800,-0.81809,-0.22475,1.11621,172.973,-4.699,-120.114
26737.770216,0.00837,0.13280,-10.08814,-12.8800,8.9250,2.9925,-0.81809,-0.22475,1.11621,172.973,-4.698,-120.143
26737.770216,0.01196,0.14357,-10.09771,-12.9325,8.9775,3.0625,-0.81809,-0.22475,1.11621,172.971,-4.699,-120.173
26737.770630,0.00718,0.13280,-10.08575,-13.0025,8.8375,3.1850,-0.81809,-0.22475,1.11621,172.970,-4.697,-120.204
26737.770630,0.01555,0.13519,-10.09173,-12.8275,8.8375,3.2025,-0.81809,-0.22475,1.11621,172.970,-4.696,-120.236
26737.770630,0.00837,0.13041,-10.09053,-12.8450,9.0475,3.1325,-0.81809,-0.22475,1.11621,172.971,-4.697,-120.266
26737.770630,0.00957,0.13161,-10.08096,-12.8450,8.9775,3.0800,-0.81809,-0.22475,1.11621,172.971,-4.697,-120.296
26737.770630,0.01196,0.12203,-10.08335,-12.8625,8.8375,3.0100,-0.81809,-0.22475,1.11621,172.973,-4.696,-120.326
26737.770630,0.01196,0.13161,-10.08335,-12.8800,8.9250,3.0275,-0.81838,-0.21576,1.11911,172.973,-4.696,-120.355
26737.770630,0.01555,0.12443,-10.08814,-12.8800,8.8725,3.0100,-0.81838,-0.21576,1.11911,172.974,-4.695,-120.385
26737.770630,0.01436,0.12203,-10.08455,-13.0200,8.8375,3.0100,-0.81838,-0.21576,1.11911,172.974,-4.694,-120.415
26737.770630,0.01077,0.13400,-10.07857,-12.8800,8.8025,2.9925,-0.81838,-0.21576,1.11911,172.973,-4.692,-120.444
26737.770630,0.00598,0.13280,-10.09412,-12.9325,8.8900,3.0975,-0.81838,-0.21576,1.11911,172.973,-4.691,-120.474
26737.771055,0.00598,0.13161,-10.08335,-12.9675,8.9250,3.0800,-0.81838,-0.21576,1.11911,172.972,-4.690,-120.504
26737.771055,0.00957,0.12802,-10.08216,-12.8450,8.9775,3.1325,-0.81838,-0.21576,1.11911,172.973,-4.691,-120.535
26737.771055,0.01555,0.13161,-10.07737,-13.0200,8.8725,3.1325,-0.81838,-0.21576,1.11911,172.972,-4.690,-120.566
26737.771055,0.01077,0.12921,-10.08335,-12.9150,8.9425,3.1500,-0.81838,-0.21576,1.11911,172.972,-4.690,-120.596
26737.771055,0.02154,0.13280,-10.09173,-12.8800,8.9775,2.9575,-0.81838,-0.21576,1.11911,172.972,-4.692,-120.625
26737.771055,0.02154,0.13041,-10.08096,-13.0025,9.0650,3.0450,-0.81896,-0.21634,1.11389,172.971,-4.694,-120.655
26737.771055,0.00718,0.12443,-10.07498,-12.9325,8.9425,3.1325,-0.81896,-0.21634,1.11389,172.972,-4.693,-120.685
26737.771055,0.01077,0.12323,-10.08575,-13.0375,9.0125,3.0800,-0.81896,-0.21634,1.11389,172.971,-4.694,-120.715
26737.771055,0.01316,0.12921,-10.09173,-13.0200,8.9075,3.1150,-0.81896,-0.21634,1.11389,172.971,-4.694,-120.746
26737.771055,0.00598,0.12802,-10.08216,-12.7400,8.8025,3.0975,-0.81896,-0.21634,1.11389,172.973,-4.691,-120.776
26737.771510,0.01436,0.13280,-10.09053,-12.9675,9.0300,3.1150,-0.81896,-0.21634,1.11389,172.972,-4.693,-120.807
26737.771510,0.00957,0.12084,-10.08455,-13.0725,8.9600,3.1150,-0.81896,-0.21634,1.11389,172.971,-4.692,-120.837
26737.771510,0.01196,0.12802,-10.08216,-12.9325,8.9950,3.0975,-0.81896,-0.21634,1.11389,172.972,-4.693,-120.867
26737.771510,0.00957,0.12443,-10.08814,-13.0375,8.9425,3.1500,-0.81896,-0.21634,1.11389,172.971,-4.693,-120.898
26737.771510,0.00598,0.12682,-10.08216,-12.9675,8.8725,3.0625,-0.81896,-0.21634,1.11389,172.971,-4.691,-120.928
26737.771510,0.01555,0.12682,-10.07618,-12.8625,8.9950,3.0100,-0.81954,-0.21750,1.12201,172.972,-4.692,-120.958
26737.771510,0.00718,0.13280,-10.08814,-12.8800,8.9600,3.0450,-0.81954,-0.21750,1.12201,172.972,-4.692,-120.987
26737.771510,0.00837,0.13759,-10.08455,-13.0025,9.0125,3.0450,-0.81954,-0.21750,1.12201,172.970,-4.692,-121.017
26737.771510,0.01196,0.13759,-10.09412,-12.8800,8.9950,3.1500,-0.81954,-0.21750,1.12201,172.970,-4.692,-121.047
26737.771510,0.01316,0.13759,-10.08694,-12.9675,9.1000,3.0975,-0.81954,-0.21750,1.12201,172.969,-4.694,-121.077
26737.826909,0.00598,0.12921,-10.07977,-12.9325,8.9950,3.0275,-0.81954,-0.21750,1.12201,172.969,-4.694,-121.107
26737.826909,0.00957,0.13161,-10.08096,-12.9500,8.9950,3.0800,-0.81954,-0.21750,1.12201,172.968,-4.694,-121.137
26737.826909,0.01077,0.12682,-10.08814,-12.8975,8.9600,2.9750,-0.81954,-0.21750,1.12201,172.969,-4.694,-121.166
26737.826909,0.00957,0.12203,-10.08814,-12.9150,8.9425,2.9750,-0.81954,-0.21750,1.12201,172.970,-4.693,-121.195
26737.826909,0.00957,0.12203,-10.08335,-12.8975,8.9950,3.0625,-0.81954,-0.21750,1.12201,172.971,-4.693,-121.225
26737.826909,0.00598,0.11366,-10.08096,-13.0375,8.8900,3.0975,-0.81896,-0.21895,1.11505,172.972,-4.692,-121.255
26737.826909,0.01316,0.12921,-10.07857,-12.9500,9.0125,3.1150,-0.81896,-0.21895,1.11505,172.972,-4.693,-121.286
26737.826909,0.00957,0.12682,-10.08575,-12.8975,8.9075,3.1500,-0.81896,-0.21895,1.11505,172.972,-4.692,-121.317
26737.826909,0.00718,0.14118,-10.08814,-12.9150,8.8375,3.0975,-0.81896,-0.21895,1.11505,172.971,-4.690,-121.347
26737.826909,0.00598,0.13759,-10.08216,-12.8275,8.9775,3.0975,-0.81896,-0.21895,1.11505,172.971,-4.690,-121.377
26737.827736,0.01196,0.12682,-10.08335,-12.8975,9.0475,3.1325,-0.81896,-0.21895,1.11505,172.972,-4.691,-121.408
26737.827736,0.01196,0.13519,-10.08096,-12.9500,8.9600,3.0800,-0.81896,-0.21895,1.11505,172.971,-4.691,-121.438
26737.827736,0.01914,0.13639,-10.08096,-13.0025,8.9075,3.0975,-0.81896,-0.21895,1.11505,172.970,-4.692,-121.468
26737.827736,0.01316,0.13161,-10.08934,-12.9500,8.9775,3.1150,-0.81896,-0.21895,1.11505,172.970,-4.692,-121.498
26737.827736,0.00718,0.12443,-10.08455,-12.9500,9.0125,3.2200,-0.81896,-0.21895,1.11505,172.970,-4.692,-121.530
26737.827736,0.01316,0.12802,-10.08455,-12.9325,8.8900,3.1850,-0.81316,-0.22243,1.11418,172.970,-4.692,-121.561
26737.827736,0.00957,0.12203,-10.08335,-13.0375,8.8900,3.1325,-0.81316,-0.22243,1.11418,172.970,-4.691,-121.592
26737.827736,0.00718,0.13161,-10.08096,-12.9675,8.8900,3.0975,-0.81316,-0.22243,1.11418,172.970,-4.690,-121.622
26737.827736,0.01196,0.12203,-10.08216,-12.9850,8.9775,3.1150,-0.81316,-0.22243,1.11418,172.970,-4.690,-121.652
26737.827736,0.01196,0.12562,-10.08694,-13.0375,9.0475,3.1150,-0.81316,-0.22243,1.11418,172.970,-4.691,-121.683
26737.828210,0.01077,0.12802,-10.08814,-12.8800,8.9250,3.0275,-0.81316,-0.22243,1.11418,172.970,-4.691,-121.712
26737.828210,0.00957,0.13041,-10.08335,-12.8800,8.9950,3.0100,-0.81316,-0.22243,1.11418,172.971,-4.691,-121.742
26737.828210,0.01077,0.12921,-10.08216,-12.9500,8.9250,3.1150,-0.81316,-0.22243,1.11418,172.971,-4.691,-121.772
26737.828210,0.01316,0.13400,-10.07977,-12.9325,8.8900,3.0100,-0.81316,-0.22243,1.11418,172.970,-4.690,-121.802
26737.828210,0.00598,0.12682,-10.08575,-12.9150,8.7850,2.9400,-0.81316,-0.22243,1.11418,172.971,-4.688,-121.831
26737.828210,0.00598,0.12682,-10.08575,-12.9150,8.8025,3.0275,-0.81838,-0.21866,1.11476,172.971,-4.685,-121.860
26737.828210,0.01914,0.13280,-10.07259,-13.0025,8.9775,3.0275,-0.81838,-0.21866,1.11476,172.970,-4.687,-121.890
26737.828210,0.00718,0.13759,-10.09053,-13.0725,8.7675,3.2375,-0.81838,-0.21866,1.11476,172.968,-4.684,-121.922
26737.828210,0.00837,0.13041,-10.08694,-13.0375,8.7675,3.1675,-0.81838,-0.21866,1.11476,172.967,-4.682,-121.953
26737.828210,0.00837,0.13041,-10.08455,-12.9850,8.9075,3.1500,-0.81838,-0.21866,1.11476,172.967,-4.682,-121.984
26737.828550,0.01196,0.12562,-10.08335,-12.9150,9.0650,3.0275,-0.81838,-0.21866,1.11476,172.967,-4.683,-122.013
26737.828550,0.00479,0.12921,-10.09053,-12.9675,9.0125,3.0800,-0.81838,-0.21866,1.11476,172.967,-4.683,-122.043
26737.828550,0.01555,0.12682,-10.08216,-12.8625,8.9425,2.9400,-0.81838,-0.21866,1.11476,172.968,-4.683,-122.072
26737.828550,0.00957,0.12323,-10.09053,-12.7925,8.9775,3.0800,-0.81838,-0.21866,1.11476,172.971,-4.683,-122.102
26737.828550,0.00718,0.13280,-10.08096,-12.8625,9.1000,3.0100,-0.81838,-0.21866,1.11476,172.971,-4.684,-122.131
26737.828550,0.01077,0.13161,-10.08216,-12.8275,8.9950,3.1325,-0.82070,-0.21866,1.11563,172.972,-4.685,-122.161
26737.828550,0.00957,0.12443,-10.09053,-13.0375,9.0650,3.0800,-0.82070,-0.21866,1.11563,172.971,-4.686,-122.191
26737.828550,0.00957,0.12323,-10.08694,-13.0200,9.0300,3.0275,-0.82070,-0.21866,1.11563,172.971,-4.686,-122.221
26737.828550,0.00837,0.12802,-10.08455,-13.0375,8.7850,3.0625,-0.82070,-0.21866,1.11563,172.971,-4.684,-122.251
26737.828550,0.00718,0.13519,-10.08814,-12.8625,8.8725,3.0975,-0.82070,-0.21866,1.11563,172.971,-4.683,-122.281
26737.828922,0.01316,0.12682,-10.09771,-13.0200,8.9775,3.1150,-0.82070,-0.21866,1.11563,172.970,-4.684,-122.312
26737.828922,0.00957,0.12443,-10.09532,-13.0550,8.9075,3.0800,-0.82070,-0.21866,1.11563,172.970,-4.683,-122.342
26737.828922,0.00957,0.13400,-10.09053,-13.0550,8.8200,3.0450,-0.82070,-0.21866,1.11563,172.968,-4.681,-122.372
26737.828922,0.00598,0.13280,-10.07977,-12.9850,8.9250,3.0625,-0.82070,-0.21866,1.11563,172.967,-4.681,-122.402
26737.828922,0.01795,0.12562,-10.09412,-12.9150,9.0650,3.0975,-0.82070,-0.21866,1.11563,172.968,-4.683,-122.432
26737.828922,0.01077,0.13280,-10.06900,-13.0550,8.9075,3.1675,-0.81983,-0.22011,1.11157,172.967,-4.682,-122.463
26737.828922,0.00718,0.13400,-10.09771,-12.9150,8.9250,3.0275,-0.81983,-0.22011,1.11157,172.967,-4.681,-122.492
26737.828922,0.00718,0.13041,-10.09891,-12.8275,9.0300,2.9575,-0.81983,-0.22011,1.11157,172.968,-4.682,-122.521
26737.828922,0.00598,0.12921,-10.08335,-12.9850,8.7500,3.0275,-0.81983,-0.22011,1.11157,172.968,-4.679,-122.551
26737.828922,0.00598,0.12562,-10.09412,-13.0375,8.8725,3.0625,-0.81983,-0.22011,1.11157,172.967,-4.678,-122.581
26737.829236,0.00598,0.13280,-10.08216,-12.9325,8.9600,2.9925,-0.81983,-0.22011,1.11157,172.967,-4.677,-122.610
26737.829236,0.01077,0.13041,-10.08455,-12.8975,8.8900,3.0275,-0.81983,-0.22011,1.11157,172.967,-4.677,-122.640
26737.829236,0.01555,0.12323,-10.09412,-12.9850,8.9425,3.0275,-0.81983,-0.22011,1.11157,172.968,-4.677,-122.669
26737.829236,0.00837,0.13280,-10.08934,-12.9675,8.7850,2.9925,-0.81983,-0.22011,1.11157,172.967,-4.675,-122.699
26737.829236,0.00718,0.12921,-10.08575,-13.0375,8.8725,3.0625,-0.81983,-0.22011,1.11157,172.966,-4.674,-122.728
26737.829236,0.00837,0.13280,-10.08575,-12.8625,8.8200,3.0975,-0.81809,-0.22301,1.12288,172.967,-4.673,-122.759
26737.829236,0.01077,0.12323,-10.08694,-13.0900,8.9600,3.1675,-0.81809,-0.22301,1.12288,172.966,-4.673,-122.790
26737.829236,0.00837,0.12682,-10.08096,-12.9500,9.0300,3.0975,-0.81809,-0.22301,1.12288,172.967,-4.674,-122.820
26737.829236,0.00598,0.13400,-10.08216,-12.9500,8.9775,3.0800,-0.81809,-0.22301,1.12288,172.966,-4.673,-122.850
26737.829236,0.01077,0.12802,-10.07977,-12.8975,8.9250,3.0800,-0.81809,-0.22301,1.12288,172.967,-4.673,-122.880
26737.924783,0.01675,0.13280,-10.09173,-12.8450,8.8900,3.0975,-0.81809,-0.22301,1.12288,172.968,-4.673,-122.910
26737.924783,0.01555,0.12323,-10.08216,-12.8100,8.7675,2.9750,-0.81809,-0.22301,1.12288,172.970,-4.672,-122.940
26737.924783,0.01675,0.13161,-10.08814,-12.9150,8.9250,3.0100,-0.81809,-0.22301,1.12288,172.970,-4.673,-122.969
26737.924783,0.00598,0.13759,-10.09293,-12.8975,8.9075,3.0975,-0.81809,-0.22301,1.12288,172.970,-4.672,-122.999
26737.924783,0.00957,0.13280,-10.07977,-12.9675,8.9950,2.9925,-0.81432,-0.22417,1.12288,172.969,-4.672,-123.028
26737.924783,0.00718,0.13400,-10.08335,-12.9325,8.9600,3.0100,-0.81432,-0.22417,1.12288,172.969,-4.672,-123.058
26737.924783,0.01077,0.11964,-10.08575,-13.0375,9.0300,3.1325,-0.81432,-0.22417,1.12288,172.969,-4.673,-123.088
26737.924783,0.01196,0.13280,-10.10130,-12.9150,8.7500,3.0975,-0.81432,-0.22417,1.12288,172.969,-4.671,-123.119
26737.924783,0.01436,0.12682,-10.08814,-13.0025,8.9600,3.1150,-0.81432,-0.22417,1.12288,172.969,-4.672,-123.149
26737.924783,0.01077,0.12562,-10.10250,-12.8800,8.9950,3.0800,-0.81432,-0.22417,1.12288,172.970,-4.672,-123.179
26738.026827,0.00837,0.12562,-10.08694,-12.9150,8.9950,3.0975,-0.81432,-0.22417,1.12288,172.971,-4.673,-123.209
26738.026827,0.01077,0.12562,-10.08216,-12.9150,8.9775,3.1325,-0.81432,-0.22417,1.12288,172.972,-4.673,-123.240
26738.026827,0.00837,0.12443,-10.08814,-12.8625,8.9075,3.0625,-0.81432,-0.22417,1.12288,172.973,-4.672,-123.270
26738.026827,0.01316,0.12562,-10.08096,-12.8275,8.9775,3.1500,-0.81432,-0.22417,1.12288,172.975,-4.673,-123.301
26738.026827,0.01555,0.12802,-10.09651,-12.8450,8.8900,3.0800,-0.82041,-0.21576,1.11969,172.976,-4.673,-123.331
26738.026827,0.00837,0.11725,-10.08934,-12.8275,8.9250,3.0625,-0.82041,-0.21576,1.11969,172.979,-4.673,-123.361
26738.026827,0.01436,0.13041,-10.07977,-13.0550,8.9950,3.1850,-0.82041,-0.21576,1.11969,172.978,-4.674,-123.392
26738.026827,0.00837,0.12921,-10.09412,-13.0375,8.9250,3.2025,-0.82041,-0.21576,1.11969,172.977,-4.674,-123.423
26738.026827,0.01077,0.13041,-10.10369,-12.9150,8.9250,3.1500,-0.82041,-0.21576,1.11969,172.977,-4.673,-123.454
26738.026827,0.00598,0.13639,-10.09173,-12.9325,8.9425,3.1150,-0.82041,-0.21576,1.11969,172.976,-4.673,-123.484
26738.125303,0.01077,0.13280,-10.09412,-12.8275,9.0300,3.0275,-0.82041,-0.21576,1.11969,172.977,-4.674,-123.514
26738.125303,0.01196,0.12203,-10.07498,-12.8800,8.9425,3.1150,-0.82041,-0.21576,1.11969,172.979,-4.674,-123.544
26738.125303,0.00957,0.12203,-10.07139,-12.9500,8.9250,3.1500,-0.82041,-0.21576,1.11969,172.979,-4.674,-123.575
26738.125303,0.00957,0.13639,-10.10130,-13.0550,8.9250,3.1325,-0.82041,-0.21576,1.11969,172.978,-4.673,-123.605
26738.125303,0.01077,0.12562,-10.08934,-13.0025,8.9425,3.0625,-0.81403,-0.21489,1.12462,172.977,-4.673,-123.635
26738.125303,0.00837,0.13280,-10.07857,-13.0200,8.9250,3.1500,-0.81403,-0.21489,1.12462,172.976,-4.673,-123.666
26738.125303,0.00837,0.13161,-10.08934,-13.0025,8.8375,3.0800,-0.81403,-0.21489,1.12462,172.976,-4.672,-123.696
26738.125303,0.00957,0.13400,-10.07857,-12.9850,8.9950,2.9925,-0.81403,-0.21489,1.12462,172.975,-4.672,-123.725
26738.125303,0.00837,0.13161,-10.08096,-13.0025,8.9775,3.0625,-0.81403,-0.21489,1.12462,172.974,-4.672,-123.755
26738.125303,0.00957,0.13280,-10.08934,-12.8625,8.8550,3.0625,-0.81403,-0.21489,1.12462,172.974,-4.671,-123.785
26738.242280,0.01077,0.12562,-10.08096,-12.9500,8.8550,2.9575,-0.81403,-0.21489,1.12462,172.975,-4.670,-123.814
26738.242280,0.00718,0.12443,-10.08096,-12.9150,8.9775,3.0625,-0.81403,-0.21489,1.12462,172.976,-4.670,-123.844
26738.242280,0.00957,0.12802,-10.08455,-12.9150,9.0650,3.1500,-0.81403,-0.21489,1.12462,172.976,-4.671,-123.875
26738.242280,0.02034,0.13041,-10.09293,-12.9850,9.0300,3.2025,-0.81403,-0.21489,1.12462,172.976,-4.673,-123.906
26738.242280,0.00957,0.13519,-10.09173,-12.9850,8.8375,3.0975,-0.81867,-0.22156,1.13071,172.975,-4.672,-123.936
26738.242280,0.00598,0.12802,-10.08216,-12.9500,8.9775,3.1500,-0.81867,-0.22156,1.13071,172.975,-4.672,-123.967
26738.242280,0.01196,0.12802,-10.07977,-12.9675,8.9250,3.0800,-0.81867,-0.22156,1.13071,172.975,-4.672,-123.997
26738.242280,0.01077,0.14118,-10.08575,-12.9150,8.9950,3.0800,-0.81867,-0.22156,1.13071,172.974,-4.672,-124.027
26738.242280,0.00837,0.13280,-10.08575,-12.9850,9.0125,3.0625,-0.81867,-0.22156,1.13071,172.974,-4.673,-124.057
26738.242280,0.00957,0.13280,-10.08575,-12.8800,8.9250,2.9925,-0.81867,-0.22156,1.13071,172.974,-4.672,-124.086
26738.335132,0.01436,0.12682,-10.09053,-12.7925,8.8375,3.0275,-0.81867,-0.22156,1.13071,172.976,-4.671,-124.116
26738.335132,0.00837,0.12802,-10.07857,-12.9850,8.7675,3.1325,-0.81867,-0.22156,1.13071,172.976,-4.669,-124.146
26738.335132,0.02034,0.12921,-10.07977,-12.9675,8.8200,3.1500,-0.81867,-0.22156,1.13071,172.976,-4.669,-124.177
26738.335132,0.01436,0.12921,-10.10250,-12.8275,8.8725,3.1325,-0.81867,-0.22156,1.13071,172.977,-4.669,-124.208
26738.335132,0.00598,0.11964,-10.07737,-12.7750,8.8550,3.1150,-0.82070,-0.21866,1.11882,172.980,-4.668,-124.239
26738.335132,0.00837,0.12443,-10.08575,-12.9325,8.9425,3.0275,-0.82070,-0.21866,1.11882,172.981,-4.667,-124.268
26738.335132,0.00598,0.12323,-10.08335,-12.9675,9.0475,3.1500,-0.82070,-0.21866,1.11882,172.981,-4.668,-124.299
26738.335132,0.01436,0.12203,-10.07737,-12.9150,8.9775,3.1325,-0.82070,-0.21866,1.11882,172.982,-4.669,-124.330
26738.335132,0.01436,0.13400,-10.07498,-12.9500,8.9775,3.2375,-0.82070,-0.21866,1.11882,172.982,-4.670,-124.361
26738.335132,0.01077,0.13280,-10.08216,-12.8975,8.9425,3.0975,-0.82070,-0.21866,1.11882,172.982,-4.670,-124.391
26738.428378,0.01077,0.12084,-10.08575,-12.8800,8.9425,3.0800,-0.82070,-0.21866,1.11882,172.983,-4.670,-124.421
26738.428378,0.00837,0.13280,-10.08934,-12.9675,9.0825,3.1325,-0.82070,-0.21866,1.11882,172.983,-4.671,-124.452
26738.428378,0.01077,0.12562,-10.08934,-13.0025,8.8900,3.0275,-0.82070,-0.21866,1.11882,172.983,-4.670,-124.481
26738.428378,0.00598,0.12682,-10.08335,-13.1075,8.8375,3.0625,-0.82070,-0.21866,1.11882,172.981,-4.669,-124.511
26738.428378,0.00837,0.13400,-10.09293,-13.0725,9.0475,3.1150,-0.81954,-0.22330,1.11679,172.980,-4.670,-124.542
26738.428378,0.01077,0.13280,-10.07737,-13.0375,9.0125,3.2025,-0.81954,-0.22330,1.11679,172.978,-4.670,-124.573
26738.428378,0.01555,0.11964,-10.07618,-12.8975,8.8900,3.0100,-0.81954,-0.22330,1.11679,172.980,-4.670,-124.602
26738.428378,0.01316,0.12682,-10.08694,-12.9850,8.9250,3.1500,-0.81954,-0.22330,1.11679,172.980,-4.670,-124.633
26738.428378,0.00718,0.12682,-10.08814,-12.9325,8.9075,3.0975,-0.81954,-0.22330,1.11679,172.980,-4.670,-124.664
26738.428378,0.01077,0.12921,-10.08216,-12.8975,9.0125,3.1150,-0.81954,-0.22330,1.11679,172.981,-4.670,-124.694
26738.524762,0.01316,0.12203,-10.08814,-12.7225,8.9075,3.1850,-0.81954,-0.22330,1.11679,172.984,-4.670,-124.725
26738.524762,0.00957,0.13041,-10.07977,-12.7925,8.9075,3.1675,-0.81954,-0.22330,1.11679,172.986,-4.670,-124.756
26738.524762,0.00837,0.12323,-10.08335,-12.9325,9.0475,3.0975,-0.81954,-0.22330,1.11679,172.986,-4.671,-124.786
26738.524762,0.00837,0.12682,-10.09293,-13.0375,9.0825,3.1325,-0.81954,-0.22330,1.11679,172.986,-4.672,-124.817
26738.524762,0.00718,0.13161,-10.08335,-13.0025,9.0650,3.1325,-0.81229,-0.22098,1.11882,172.985,-4.673,-124.847
26738.524762,0.00837,0.13519,-10.08934,-12.8625,8.9775,3.0800,-0.81229,-0.22098,1.11882,172.985,-4.673,-124.877
26738.524762,0.00837,0.13041,-10.08216,-12.8275,8.9075,3.0275,-0.81229,-0.22098,1.11882,172.986,-4.672,-124.907
26738.524762,0.01316,0.12084,-10.08814,-13.0375,8.9250,3.0800,-0.81229,-0.22098,1.11882,172.986,-4.672,-124.937
26738.524762,0.01077,0.12323,-10.08455,-13.0200,8.9075,3.0450,-0.81229,-0.22098,1.11882,172.986,-4.671,-124.967
26738.524762,0.01675,0.11605,-10.07977,-13.0375,8.9250,3.0975,-0.81229,-0.22098,1.11882,172.987,-4.672,-124.997
26738.624544,0.00718,0.12084,-10.08216,-12.8975,8.8200,3.0450,-0.81229,-0.22098,1.11882,172.988,-4.670,-125.027
26738.624544,0.01316,0.12682,-10.08335,-12.8275,8.9950,3.0100,-0.81229,-0.22098,1.11882,172.989,-4.671,-125.056
26738.624544,0.00837,0.13400,-10.08455,-12.9325,8.9075,3.0975,-0.81229,-0.22098,1.11882,172.989,-4.670,-125.087
26738.624544,0.01196,0.13041,-10.08096,-12.9500,8.9250,3.0975,-0.81229,-0.22098,1.11882,172.989,-4.670,-125.117
26738.624544,0.01196,0.12921,-10.09173,-12.7750,8.9425,3.0275,-0.81809,-0.21982,1.11911,172.990,-4.670,-125.146
26738.624544,0.01196,0.13161,-10.08096,-12.8975,8.9950,3.0975,-0.81809,-0.21982,1.11911,172.990,-4.670,-125.177
26738.624544,0.01077,0.12084,-10.08455,-12.8975,8.9775,3.0800,-0.81809,-0.21982,1.11911,172.992,-4.671,-125.207
26738.624544,0.01675,0.12682,-10.09771,-12.8275,8.9600,3.0625,-0.81809,-0.21982,1.11911,172.993,-4.671,-125.237
26738.624544,0.01555,0.13639,-10.08934,-12.9500,8.9075,2.9925,-0.81809,-0.21982,1.11911,172.992,-4.671,-125.266
26738.624544,0.01196,0.12921,-10.08096,-13.0025,8.9075,3.1325,-0.81809,-0.21982,1.11911,172.991,-4.671,-125.296
26738.725785,0.01555,0.12802,-10.08335,-13.0025,8.9775,3.1150,-0.81809,-0.21982,1.11911,172.991,-4.672,-125.327
26738.725785,0.00837,0.13161,-10.08575,-12.9850,9.1000,3.0975,-0.81809,-0.21982,1.11911,172.990,-4.673,-125.357
26738.725785,0.00598,0.12802,-10.10010,-12.9675,9.0825,3.1500,-0.81809,-0.21982,1.11911,172.990,-4.674,-125.388
26738.725785,0.00957,0.13161,-10.10130,-12.8275,8.9950,3.0450,-0.81809,-0.21982,1.11911,172.991,-4.674,-125.417
26738.725785,0.00598,0.13639,-10.08575,-12.9150,9.0300,3.0800,-0.81577,-0.22098,1.12404,172.990,-4.674,-125.447
26738.725785,0.00837,0.12802,-10.07737,-13.0200,8.9425,3.2200,-0.81577,-0.22098,1.12404,172.990,-4.674,-125.479
26738.725785,0.00957,0.12921,-10.07857,-12.8275,8.8550,3.1850,-0.81577,-0.22098,1.12404,172.991,-4.673,-125.510
26738.725785,0.00957,0.13519,-10.09651,-12.9675,8.9600,3.0625,-0.81577,-0.22098,1.12404,172.990,-4.673,-125.540
26738.725785,0.00957,0.12562,-10.08216,-12.8975,8.9425,3.1150,-0.81577,-0.22098,1.12404,172.991,-4.672,-125.570
26738.725785,0.00957,0.11844,-10.07618,-12.7750,8.9775,3.0625,-0.81577,-0.22098,1.12404,172.994,-4.672,-125.600
26738.825787,0.01316,0.12562,-10.09053,-12.8975,8.9600,3.0625,-0.81577,-0.22098,1.12404,172.995,-4.673,-125.630
26738.825787,0.00837,0.13280,-10.08455,-12.9150,8.9775,3.0800,-0.81577,-0.22098,1.12404,172.994,-4.673,-125.660
26738.825787,0.00718,0.12802,-10.08455,-12.7400,8.9775,3.0625,-0.81577,-0.22098,1.12404,172.996,-4.672,-125.690
26738.825787,0.00598,0.13041,-10.09651,-12.8100,9.0125,3.1325,-0.81577,-0.22098,1.12404,172.998,-4.672,-125.720
26738.825787,0.00837,0.13280,-10.08934,-12.8975,8.9600,3.1150,-0.81954,-0.22243,1.12056,172.998,-4.672,-125.751
26738.825787,0.00957,0.13161,-10.07259,-12.9675,9.0300,3.0275,-0.81954,-0.22243,1.12056,172.997,-4.673,-125.780
26738.825787,0.01316,0.12562,-10.07498,-12.9150,8.9775,3.1150,-0.81954,-0.22243,1.12056,172.997,-4.673,-125.811
26738.825787,0.00957,0.12682,-10.07618,-12.8800,9.0300,3.0450,-0.81954,-0.22243,1.12056,172.998,-4.674,-125.840
26738.825787,0.00479,0.12802,-10.08455,-12.7925,9.0300,3.1850,-0.81954,-0.22243,1.12056,173.000,-4.674,-125.871
26738.825787,0.00718,0.12682,-10.08934,-12.9850,8.9075,3.0625,-0.81954,-0.22243,1.12056,172.999,-4.673,-125.901
26738.925330,0.00718,0.11844,-10.07259,-12.9500,8.9250,3.0975,-0.81954,-0.22243,1.12056,173.000,-4.672,-125.932
26738.925330,0.00957,0.12562,-10.07737,-12.9500,9.0125,3.1150,-0.81954,-0.22243,1.12056,173.001,-4.672,-125.962
26738.925330,0.00957,0.12802,-10.08575,-12.9150,8.9950,2.9925,-0.81954,-0.22243,1.12056,173.001,-4.672,-125.991
26738.925330,0.00718,0.12562,-10.08455,-12.8275,8.9425,3.1325,-0.81954,-0.22243,1.12056,173.002,-4.672,-126.022
26738.925330,0.01555,0.13878,-10.08575,-12.8275,9.0475,3.0100,-0.81548,-0.21837,1.12114,173.002,-4.673,-126.051
26738.925330,0.01077,0.12802,-10.08455,-12.7400,8.9250,3.0275,-0.81548,-0.21837,1.12114,173.004,-4.673,-126.081
26738.925330,0.00718,0.13280,-10.08814,-12.9850,8.9775,3.1675,-0.81548,-0.21837,1.12114,173.003,-4.673,-126.112
26738.925330,0.00598,0.11964,-10.09651,-12.8800,8.9250,3.0800,-0.81548,-0.21837,1.12114,173.004,-4.672,-126.142
26738.925330,0.01077,0.12682,-10.06541,-12.8450,8.9425,2.9750,-0.81548,-0.21837,1.12114,173.005,-4.671,-126.171
26738.925330,0.01316,0.13041,-10.07618,-12.9150,9.0125,3.1500,-0.81548,-0.21837,1.12114,173.005,-4.672,-126.202
